naslov,postavka_neto,lokacija,opis,prosta_mesta,trajanje,delovnik,sifra,narava_dela

PROGRAMIRANJE,"7,60",MARIBOR,"Razvoj programske opreme na strani strežnika. Pogoji: izkušnje s programiranjem, znanje angleškega jezika. Prednost je, če znaš uporabljati SQL, Javascript and HTML.",1, DLJE ČASA (OBČASNO), Po dogovoru,308948, začasno in občasno delo

DELJENJE LETAKOV,"4,13",LJUBLJANA RUDNIK,Deljenje letakov v okolici trgovine. Delovni čas po dogovoru.,2, 1 TEDEN, Po dogovoru,308947, začasno in občasno delo

POMOČ UPORABNIKOM,"5,00",LJUBLJANA CENTER,"Mlado in energično mednarodno podjetje išče osebe za delo v podpori uporabnikom. Iščejo zanesljivo, komunikativno in pozitivno naravnano osebo, ki je sposobna te kvalitete ohraniti tudi v stresnih situacijah. Urnik je izmenski, od 11. do 17.ure oz. od 17. do 23.ure,  Prijave s CV-jem pošljite na e-naslov.",1, DLJE ČASA (OBČASNO), Izmensko,308945, začasno in občasno delo

BLAGAJNIK,"4,13",KRANJ,"Podjetje išče polnoletne, komunikativne in samoiniciativne osebe za delo na blagajni kinematografa - prodaja kart in prigrizkov. Iščejo zanesljive osebe za popoldansko delo, med vikendi, prazniki in šolskimi počitnicami. Prijave z opisom in kontaktom ali CV-jem pošljite na e-mail.",4, DLJE ČASA (OBČASNO), Popoldan,308944, začasno in občasno delo

DELO S STRANKAMI,"5,00",TRZIN,"Podjetje potrebuje osebo za pomoč strankam za Italijo, tako da je pogoj odlično znanje italjanskega jezika. Delo večinoma na računalniku, na Facebooku in po mailih. Delo po želji lahko tudi med vikendi. Možnost kasnejše redne zaposlitve.",1, DLJE ČASA (OBČASNO), Dopoldan,308943, začasno in občasno delo

STREŽBA,"5,50",LJUBLJANA,"Strežba v lokalu v centru Ljubljane, pri Zmajskem mostu. Delo je izmensko, urnik je fleksibilen. Zaželene so izkušnje in razpoložljivost vsaj 3-4 dni v tednu, tudi med vikendom. Pogoji: prijaznost in izkušnje pri delu s strankami. Nudijo dobro plačilo z možnostjo dodatnih dnevnih in mesečnih bonusov. Za več informacij pokliči.",2, DLJE ČASA (OBČASNO), Izmensko,308942, začasno in občasno delo

POMOČ PRI PRODAJI,"4,13",TRŽIČ,Podjetje potrebuje osebo za pomoč pri prodaji tekstilnih izdelkov in skrb za poslovalnico.,1, DLJE ČASA (OBČASNO), Po dogovoru,308941, začasno in občasno delo

ADMINISTRATIVNA DELA,"5,49",LJUBLJANA,"V trgovini z lesom in lesnimi polizdelki (vezane, opažne in druge plošče, furnir, žagan les) podjetje išče polnoletno osebo z izkušnjami pri delu blagajničarja in za druga administrativna dela. Občasno tudi za pomoč pri pripravi blaga v skladišču.",1, DLJE ČASA (OBČASNO), Dopoldan,308940, začasno in občasno delo

TEHNIČNA POMOČ,"4,13",SEVNICA,"Zavod potrebuje na drsališču pomoč pri organizacijskih in tehničnih zadevah. Izkušnje niso potrebne, zaželeno je, da je oseba polnoletna, šporni tip in ima veselje do dela s strankami.",3, OD DECEMBRA DO 15.1.2020, Izmensko,308937, začasno in občasno delo

POMOČ V KUHINJI,"4,75",MARIBOR,"Bi delal/a v mladi ekipi v novi restavraciji v centru Maribora? Če si navdušenka ali navdušenec nad azijsko hrano, te bodo veseli v kolektivu. Delovni čas je po dogovoru. Delo obsega čiščenje in pripravo sestavin in drugo asistenco kuharjem. Veselje do učenja in kuhanja je pomembnejše od izkušenj. Plačilo se viša glede na izkušnje, poleg plačila na uro se dobi tudi napitnina.",1," DLJE ČASA (OBČASNO), PO DOGOVORU", Po dogovoru,308829, začasno in občasno delo

DELO S STRANKAMI,"5,24",LJUBLJANA,"Priznani frizareski salon vabi v svoj kolektiv prijazno, komunikativno, delavno, vestno osebo, z občutkom za delo z ljudmi, ki se je pripravljena učiti pri mojstru frizerske obrti, uveljavljenem doma in na zahodu. Izkušnje niso potrebne. Pogoj: trenutno šolanje na frizerski šoli, oziroma že končana frizerska smer. Za več informacij in prijavo pišite na e-mail.",2, DLJE ČASA (OBČASNO), Izmensko,308828, začasno in občasno delo

POMOČ V KUHINJI,"4,13",LJUBLJANA,"V vrtcu potrebujejo pomoč pri varstvu in negi otrok za kratek čas, možno tudi nadaljne sodelovanje. Pogoji: zanesljiva, odgovorna oseba z izkušnjami.",1, 13.-15.11.2019, Po dogovoru,308826, začasno in občasno delo

RAZVOZ,"4,50",MARIBOR,Razvoz hrane po Mariboru s službenim vozilom. Iščejo resne in odgovorne osebe. Pogoja sta vozniški izpit B kategorije in izkušnje.,2, DLJE ČASA (OBČASNO), Po dogovoru,308822, začasno in občasno delo

DELO NA RECEPCIJI,"4,13",LJUBLJANA,"Delo dežurnega na recepciji rastlinjaka in trgovine vključuje sprejem obiskovalcev, delo z blagajno, čiščenje prostorov, zalivanje in pletje rastlin, čiščenje in pakiranje semen in druga ročna dela. Če vas zanima botanika, ste komunikativni, odgovorni, radi delate z rastlinami in z ljudmi, jim do 8.11. pošljite osebno predstavitev. Več informacij o delu dobite 11.11. ob 8:00 na uvodnem sestanku.",4, DLJE ČASA (OBČASNO), Po dogovoru,308820, začasno in občasno delo

STROKOVNO DELO (ADMINISTRATIVNA DELA),"5,66",LJUBLJANA CENTER,"Pisanje dopisov, oblikovanje internet strani in ostala dela. Potrebno je znanje s pravnega in ekonomskega področja, poznavanje delovanja evropskih razpisov, računalniška pismenost. Dela se dopoldan med 8. in 12. uro. Urna postavka je lahko tudi višja, odvisno od znanja. Pokliči ali pošlji prijavo na e-naslov.",1, PO DOGOVORU, Dopoldan,308821, začasno in občasno delo

FIZIČNA DELA,"8,00",PORTOROŽ,Pomoč pri selitvi opreme iz hotelov.,4, DO 30.11.2019, Po dogovoru,308819, začasno in občasno delo

PAKIRANJE,"4,39",LJUBLJANA - ŠIŠKA,"Podjetje išče vestno in odgovorno osebo za delo v spletni trgovini. Delo zajema skladiščenje, pakiranje, štetje blaga, zlaganje na police. Pogoji: resnost, natančnost, hitrost. S kandidatom/ko si želijo daljšega sodelovanja. Prijave sprejemajo na mail.",1, DLJE ČASA (OBČASNO), Dopoldan,308818, začasno in občasno delo

LAŽJA FIZIČNA DELA (OSKRBA PERUTNINE),"6,00",DOB,"Oskrba živali, pobiranje jajc, kidanje, čiščenje in priprava hleva. Delo na perutninskem obratu.",2, DLJE ČASA (OBČASNO) ALI PO DOGOVORU, dopoldan,308701, začasno in občasno delo

INFORMATIKA,"4,65",LJUBLJANA,"Iščejo študenta/ko, ki ima izkušnje z delom v IT-ju (priklop računalniške opreme, instalacije programov, certifikatov, osnovna znanja o strežnikih, mrežni opremi, delo na Helpdesku), dobro pozna MS Office, ima vozniški izpit B. Prednost bodo imeli kandidati/ke, ki odlično govorijo in pišejo angleško in/ali nemško ter študirajo na tehnični smeri (informatika, strojništvo, elektrotehnika). Prijavo pošljite na e-naslov.",1, DLJE ČASA (OBČASNO), Dopoldan,308703, začasno in občasno delo

DELO NA RAČUNALNIKU (OPERATER),"4,50",LJUBLJANA,"Projekcija filmov v kinematografih. Dela se je možno priučiti. Pogoj je polnoletnost in znanje dela na računalniku. Delo poteka v popoldansko/večernem času in med vikendi. Urna postavka med tednom je 5,33 Ă˘Â‚Â¬ bruto in med vikendi 6,51 Ă˘Â‚Â¬ bruto. Prijava na e-mail.",3, DLJE ČASA (OBČASNO), Popoldan,308702, začasno in občasno delo

PRODAJA,"4,13",CELJE,"Drogerija v trgovskem centru išče polnoletno osebo za pomoč pri prodaji, delo na blagajni, polnjenje polic in svetovanje strankam. Zaželene so izkušnje. Delovnik je po dogovoru",1, DLJE ČASA (OBČASNO), Po dogovoru,308700, začasno in občasno delo

KNJIGOVODSKA DELA,"4,13",LJUBLJANA,"Podjetje išče študenta - smer računovodstvo. Izkušnje niso pogoj, so pa zaželene. Možnost redne zaposlitve po zaključku študija.",1, DLJE ČASA (OBČASNO), Dopoldan,308699, začasno in občasno delo

PROMOCIJA,"7,00",LJUBLJANA,"Iščejo študente/tke za promocijo (starost nad 19 let). Sproščeno delo v ekipi. Delo poteka na različnih lokacijah. Zaželeno je, da imaš čas dvakrat tedensko. Imajo plačan dopust tudi za študente. Če želiš postati del najboljše ekipe in bi rad ob delu spreminjal svet na bolje, se prijavi.",3, DLJE ČASA (OBČASNO), Popoldan,308698, začasno in občasno delo

INŠTRUKCIJE,"7,10",DOMŽALE,"Podjetje potrebuje študenta/študentko za inštruiranje angleškega, nemškega ali slovenskega jezika za osnovnošolce, gimnazijce in srednješolce ter priprava na maturo. Zaželen/a  študent/ka iz okolice Domžal (lasten prevoz). Izkušnje z inštruiranjem.",1, DLJE ČASA (OBČASNO), Po dogovoru,308697, začasno in občasno delo

DELO V AVTOPRALNICI,"4,56",LJUBLJANA BTC,Predpranje vozil v avtomatski avtopralnici. Pogoja sta zanesljivost in resnost. Pokliči ali pošlji prijavo na e-naslov.,1, DLJE ČASA (OBČASNO), Izmensko,308696, začasno in občasno delo

DELO V VELNESU,"4,50",LJUBLJANA,"Za delo v največjem vodnem parku iščejo študente za delo s strankami, v velnes centru ob vikendih. Delo obsega skrb za delovanje savn in komunikacijo s strankami. Pogoj je komunikativnost in veselje do dela z ljudmi.",1, DLJE ČASA (OBČASNO), Med vikendom,308695, začasno in občasno delo

ELEKTROTEHNIČNA DELA (DELO NA TERENU),"6,34",PTUJ IN OKOLICA,"Podjetje potrebuje polnoletno, resno in odgovorno osebo za pomoč pri elektro delih. Pogoji so študij elektro smeri, vozniški izpit B kategorije in lasten prevoz. Dela se občasno, po potrebi. Za prijavo pokličite na kontakt podjetja ali prijavo pošljite na objavljeni e-mail naslov.",1, DLJE ČASA (OBČASNO), Po dogovoru,308694, začasno in občasno delo

PRODAJA,"5,00",LJUBLJANA BTC,Prodaja tekstilnih izdelkov priznane blagovne znamke. Zaželene so izkušnje s prodajo. Delo poteka tudi ob vikendih.,2, DLJE ČASA (OBČASNO), Izmensko,308552, začasno in občasno delo

DELO V PROIZVODNJI,"5,07",LOGATEC,"Delo v proizvodnji, sestavljanje kovinskih izdelkov. Prijave in izkušnje sprejemajo na e-mail.",1, DLJE ČASA (OBČASNO), Dopoldan,308551, začasno in občasno delo

TELEFONSKI MARKETING,"6,00",LJUBLJANA,"Odgovorni boste za promocijo in predstavitev storitev prevozov na letališča in organiziranje sestankov pri potencialnih strankah. Verjamejo, da lahko delo odlično opravi komunikativna, prodorna in zagnana oseba z visoko stopnjo motivacije. Vsa ostala potrebna znanja zagotovijo sami. Pri prijavi bodo imeli prednost kandidati s preteklimi izkušnjami v prodaji/marketingu in (klicnih) centrih za podporo uporabnikom. Možnost kasnejše zaposlitve. Prijave sprejemajo po e-pošti s pripisom GO201910ST.",1, CCA. 1 MESEC OZ. PO DOGOVORU, Dopoldan,308550, začasno in občasno delo

POMOČ V STREŽBI,"6,00",MENGEŠ,"Lokal na bencinski črpalki potrebuje osebo za pomoč pri strežbi v prijetnem lokalu in simpatičnemu kolektivu. Delo je mogoče v treh izmenah; od 5. do 11., 11. do 17. ali 17. do 23. ure, po potrebi in dogovoru.",1, DLJE ČASA (OBČASNO), Po dogovoru,308549, začasno in občasno delo

DELO NA BENCINSKEM SERVISU,"5,00",LITIJA,Iščejo več kandidatov za delo na bencinskem servisu. Delo vključuje strežbo v baru (tam vsak novi z delom začne) in v trgovini. Zaželene so izkušnje in kraj bivanja v okolici. Odpto imajo vse dni v tednu.,3, DLJE ČASA (OBČASNO), Izmensko,308548, začasno in občasno delo

POUČEVANJE,"9,75",MARIBOR,"Iščemo študenta/-ko za poučevanje italijanskega jezika v bližini Maribora. Pričakujejo točnost, odgovornost in kreativnost. Zaželene so izkušnje s poučevanjem skupinskih tečajev.",1, DLJE ČASA - PROJEKTNO, Po dogovoru,308547, začasno in občasno delo

PROGRAMIRANJE,"5,00",LJUBLJANA DOLGI MOST,"Podjetje išče študenta/ko za pomoč pri razvoju programske opreme in rešitev na področju strojnega vida. Delo vključuje tudi zajem in pripravo podatkov ter orodij za področje globokega učenja. Prednost imajo kandidati višjih letnikov FRI, FMF, FE.",1, PO DOGOVORU, Dopoldan,308545, začasno in občasno delo

POMOČ PRI PRODAJI,"4,13",KRANJ QLANDIJA,"Iščejo zanesljive, odgovorne osebe za delo v trgovini s čevlji. Plačilo: 4,89 Ă˘Â‚Â¬/h bruto, 5,8 Ă˘Â‚Â¬/h bruto za nedeljsko delo.",1, DLJE ČASA (OBČASNO), Izmensko,308544, začasno in občasno delo

ADMINISTRATIVNA DELA,"5,00",NOVO MESTO,"Opravljanje blagajniških nalog za potrebe skladišča, arhiviranje dokumentacije, priprava obračunov poslovanja blagajne, administrativna in druga opravila za skladišče, po nalogu nadrejenega iste vrste del in nalog v okviru usposobljenosti.",1, 2 MESECA, Dopoldan,308543, začasno in občasno delo

ADMINISTRATIVNA DELA (ANALITSKA DELA),"5,20",LJUBLJANA,"K sodelovanju vabijo absolventa (-ko) ekonomske ali druge ustrezne smeri za tajniška in analitska dela: sodelovanje pri oblikovanju poročil, lažja analitična dela.,...Zaželeno poznavanje dela z Wordom in Excelom ter dobre komunikacijske sposobnosti. Prijavo s CV pošljite na e-naslov.",1, DLJE ČASA (OBČASNO), Dopoldan,308542, začasno in občasno delo

ADMINISTRATIVNA DELA (MARKETING),"4,13",KOPER,"Podjetje išče osebo za administrativna dela in marketing. Pogoji: starost nad 18 let, znanje angleškega in italijanskega jezika. Možnost kasnejše zaposlitve.",1, DLJE ČASA (OBČASNO), Po dogovoru,308379, začasno in občasno delo

POMOČ V STREŽBI,"4,50",KOPER,"Podjetje išče osebo za pomoč v strežbi. Pogoj je starost nad 18 let. Zaželene izkušnje. Plačilo od 5,33 - 5,92 Ă˘Â‚Â¬/h bruto.",1, DLJE ČASA (OBČASNO), Dopoldan,308378, začasno in občasno delo

POMOČ V STREŽBI,"5,49",DOMŽALE,"Lokal, ki se naha v športnem centru išče osebo za delo v strežbi in pomoč na recepciji. Pogoj je starost nad 19 let.",1, PO DOGOVORU, Med vikendom,308376, začasno in občasno delo

DELO V PROIZVODNJI,"4,65",RIBNICA,"Sestavljanje, brušenje, skladanje, pakiranje lesenih izdelkov.",1, DLJE ČASA (OBČASNO), Dopoldan,308371, začasno in občasno delo

FIZIČNA DELA,"5,20",LJUBLJANA ČRNUČE,"Uspešno podjetje išče polnoletno osebo za delo v logistiki. Delo zajema fizična dela (priprava artiklov, ročno razkladanje kamionov in ostalo).",2, CCA. 2 TEDNA, Dopoldan,308370, začasno in občasno delo

STREŽBA,"5,92",BRASLOVČE,Na čudoviti lokaciji ob jezeru iščejo študenta/ko za delo v strežbi. Pogoji: starost nad 18 let. Ob plačilu nudijo tudi toplo malico.,1, DLJE ČASA (OBČASNO), Izmensko,308367, začasno in občasno delo

PROGRAMIRANJE,"6,50",LJUBLJANA,"Zagonsko podjetje z mlado ekipo išče okrepitve. Potrebujejo fullstack programerja, ki ima razumevanje Laravela, Vue.js, MySQL in front-end (Html, Css, Sass in Boostrap). Bonus točke: humor in sproščenost. Ni potrebno, da znate vse zgoraj naštete tehnologije. Predvsem je pomembna volja do učenja, posledično se poviša tudi urna postavka. Na email pošljite reference / CV.",1, DLJE ČASA (OBČASNO), Po dogovoru,308363, začasno in občasno delo

POMOČ V KUHINJI,"6,00",BLED,"Aranžiranje krožnikov, pomoč kuharju, priprava omak, skrb za red in čistočo.",1, DLJE ČASA (OBČASNO), Po dogovoru,308362, začasno in občasno delo

POMOČ V TRGOVINI,"5,07",LJUBLJANA,Trgovsko podjetje potrebuje osebo za delo na oddelku delikatese ... Za več informacij pokličite.,1, DLJE ČASA (OBČASNO), Izmensko,308191, začasno in občasno delo

POMOČ UPORABNIKOM,"5,07",LJUBLJANA,"Iščejo komunikativne osebe za podporo uporabnikom na spletni strani preko e-mailov, telefonov in online chata. Dodatno znanje kakšnega od tujih jezikov (hrvaščina, nemščina, italijanščina) je več kot dobrodošlo. V kolikor se tudi smučate oz. snow-boardate pa je kombinacija idealna.",3, 5 MESECEV, Izmensko,308187, začasno in občasno delo

GRADBENA DELA,"5,00",LJUBLJANA,"Za slikopleskarska dela, suhomontažna dela (knauf) in razna ostala lažja gradbena dela potrebujejo polnoletbno osebo. Delovnik je dopoldanski, sobote po želji. So družinsko podjetje in iščejo pridnega mladega delavca ki bi se želel naučiti kaj novega in pridobiti življenske izkušnje. Možna tudi kasnejša redna zaposlitev.",1, DLJE ČASA (OBČASNO), Dopoldan,308186, začasno in občasno delo

VULKANIZERSKA DELA,"5,50",LJUBLJANA,"Menjava avtomobilskih pnevmatik - vijačenje koles, montaža/demontaža v vulkanizerski delavnici.",2, DO  CCA 1.12., Izmensko,308183, začasno in občasno delo

DELO NA RAČUNALNIKU,"5,00",TRZIN,"V podjetju ki se ukvarja s spletno prodajo zaradi povečanega obsega del iščejo osebi za vpisovanje izdelkov v sistem Wordpress. Pogoj je odlična računalniška pismenost, zaželeno osnovno poznavanje Wordpressa. Vse ostalo te naučijo. Delo bo potekalo od 8.00 dalje.",2, DLJE ČASA (OBČASNO), Dopoldan,308182, začasno in občasno delo

DELO Z OTROKI,"4,13",LJUBLJANA,Za delo z otroki v vrtcu potrebujejo več oseb. Zaželene izkušnje in  izobrazba sorodnih smeri.,6, DLJE ČASA (OBČASNO), Po dogovoru,308181, začasno in občasno delo

BLAGAJNIK,"4,65",LJUBLJANA BTC,"Delo na blagajni v trgovini Emporium. Pogoji: komunikativnost, prijaznost, energičnost, delavnost, odgovornost, urejenost ter veliko časovne razpoložljivosti. Zaželene  izkušnje. Začetna (uvajanje) urna postavka je 5,5 Ă˘Â‚Â¬/h bruto, kasneje se zvišuje glede na delovno uspešnost. Nedeljska urna postavka pa je +2,5 Ă˘Â‚Â¬/h bruto. Prijavo pošlji na e-naslov.",3, DLJE ČASA (OBČASNO), Izmensko,308180, začasno in občasno delo

PROGRAMIRANJE,"5,60",DOMŽALE,"Iščejo študenta/ko za programiranje PLC krmilnikov in SCADA sistemov. Potrebno je osnovno znanje programiranja PLC krmilnikov, drugo se bo oseba naučila tekom dela. Prednost imajo študenti/tke fakultete za elektrotehniko. V času uvajanja (prva 2 meseca) bo plačilo 5,33 Ă˘Â‚Â¬/h bruto.",1, PO DOGOVORU, Po dogovoru,308174, začasno in občasno delo

NOVINARSKA DELA,"6,34",CERKNO,Moderiranje programa. Delo pred mikrofonom.,1, PO DOGOVORU, Med vikendom,308175, začasno in občasno delo

NEGOVANJE,"5,00",LOGATEC,"Iščejo polnoletno osebo za izvajanje pomoči na domu. Pogoji: zanesljivost, vozniški izpit B kategorije, veselje do dela s starejšimi in izkušnje iz zdravstvene nege.",1, DLJE ČASA (OBČASNO), Dopoldan,308171, začasno in občasno delo

POUČEVANJE,"10,00",LJUBLJANA,Iščejo naravne govorce angleščine za poučevanje angleščine v podjetjih. Prednost imajo študenti višjih letnikov.,3, DLJE ČASA (OBČASNO), Po dogovoru,307974, začasno in občasno delo

DELO Z OTROKI,"6,00",JESENICE,"Iščejo polnoletno osebo za pomoč trenerju ritmične gimnastike. Želeno je, da si prej treniral/a  kakšen šport. Zaradi narave dela (ritmična gimnastika) potrebujejo osebo ženskega spola. Prijavo pošlji e-mail .",1, DLJE ČASA (OBČASNO), Popoldan,307973, začasno in občasno delo

DELO V SKLADIŠČU,"5,00",LJUBLJANA DOBRUNJE,Podjetje potrebuje polnoletnega kandidata za delo v skladišču z rezervnimi avtomobilskimi deli. Pogoji: zanesljivost in natančnost. Pokliči.,1, DLJE ČASA (OBČASNO), Izmensko,307969, začasno in občasno delo

KOMERCIALNA DELA (TEHNIČNA POMOČ),"5,07",LJUBLJANA,"Podjetje išče polnoletne osebe za delo v komerciali in za tehnično pomoč. Želijo kandidate, ki so željni novega znanja, ki jih zanima oz. imajo osnovno znanje risanja v AvtoCAD-u (možnost priučitve). Zaželena tehnična smer izobrazbe, ni pa pogoj. Nudijo možnost redne zaposlitve. Prijavo pošlji na e-mail.",3, DLJE ČASA (OBČASNO), Dopoldan,307967, začasno in občasno delo

STREŽBA,"4,99",LJUBLJANA,"Nudijo delo v prijetni kavarni med spoštljivim in prijetnim kolektivom. Če si urejen/a, komunikativen/na in te veseli delo z ljudmi, te z veseljem sprejmejo na razgovor. Izkušnje so zaželene, niso pa nujne.",2, DLJE ČASA (OBČASNO), Izmensko,307966, začasno in občasno delo

DELO V PROIZVODNJI,"4,13",JESENICE,"Podjetje išče osebe za zavijanje izdelkov, pakiranje v škatle, izdelovanje škatel, luščenje zaščitne folije z izdelkov, luščenje nalepk, lepljenje nalepk in izdelkov. Pogoj je starost nad 18 let.",5, DLJE ČASA (OBČASNO), Dopoldan,307963, začasno in občasno delo

STREŽBA,"5,00",HOČE-SLIVNICA,"Podjetje potrebuje osebo za strežbo. Pogoji: starost nad 18 let, izkušnje pri delu v strežbi in lasten prevoz.",1, DLJE ČASA (OBČASNO), Izmensko,307962, začasno in občasno delo

POMOČ PRI PRODAJI (DELO V TRGOVINI),"5,07",KRANJSKA GORA,"Podjetje išče več polnoletnih oseb za delo v trgovini (blagajna in polnjenje polic). Nedeljska urna postavka je 7,20 Ă˘Â‚Â¬ bruto.",2, DLJE ČASA (OBČASNO), Po dogovoru,307959, začasno in občasno delo

PROMOCIJA,"5,15",DOLGI MOST/VIČ PRI LJUBLJANI IN LJ MOSTE,"Promocija in edukacija kupcev na novih samopostrežnih bencinskih postajah: razlaga delovanja točilnih avtomatov, pomoč pri plačilu s kartico, komunikacija s strankami....NE točite goriva! Delo bo potekalo od  04.11. do 29.11., od 12. do 19. ure. Nedelje so proste. Želijo komunikativne, ustrežljive osebe z izkušnjami v promociji.",2, DO VKLJUČNO 29.11.2019, Popoldan,307956, začasno in občasno delo

PROJEKTIRANJE,"6,00",LJUBLJANA,"Podjetje išče študenta elektrotehnike. Delo obsega izdelavo načrtov, shem, tekstualnega dela in zlaganje načrtov.  Pogoj je osnovno znanje Acad-a, MS office. Sčasoma možnost večje urne postavke.",1, DLJE ČASA (OBČASNO), Dopoldan,307690, začasno in občasno delo

ČIŠČENJE,"5,00",INDUSTRIJSKA CONA KOMENDA,Čiščenje (pranje in sesanje) kombijev in kamionov ob sobotah ter pranje in čiščenje orodja. Vsaka sobota od 7 oz. 8 ure zjutraj dalje.,1," DLJE ČASA (OBČASNO), VSAKA SOBOTA", Dopoldan,307689, začasno in občasno delo

PRODAJA,"5,07",KAMNIK (QLANDIA),"Aktivna prodaja pakiranih slaščic, delo z blagajno in strankami. Zahtevana je prodajno usmerjena komunikativnost - doseganje plana prodaje. Gre za  prodajo v popoldanskem času., tudi vsako drugo soboto.",2, PO DOGOVORU, Popoldan,307688, začasno in občasno delo

POMOČ V STREŽBI,"5,00",LJUBEČNA,"Podjetje potrebuje polnoletno, vestno in komunikativno osebo za delo in pomoč v strežbi. Izkušnje niso pogoj za opravljanje dela. Delovni čas je po dogovoru in potrebi. Interesenti naj pokličejo ali pošljejo vlogo na kontakt podjetja.",1," DLJE ČASA (OBČASNO), PO DOGOVORU IN POTREBI", Izmensko,307687, začasno in občasno delo

POMOČ V KUHINJI,"5,50",LJUBLJANA,"Iščejo osebo za  pomoč v kuhinji, kuharskega pomočnika. Pogoj so izkušnje z delom v kuhinji. Zaželeno: izobrazba, smer gostinstvo - kuhar.",2, DLJE ČASA (OBČASNO), Izmensko,307686, začasno in občasno delo

DELO V PROIZVODNJI,"4,13",KRANJ,"Podjetje, ki se ukvarja z obdelavo kovin in proizvodnjo plastike išče osebo za delo v proizvodnji. Plačilo za popoldansko in nočno delo je višje.",2, PO DOGOVORU, Izmensko,307685, začasno in občasno delo

RAZVOZ (DOSTAVA HRANE),"5,00",LJUBLJANA,Podjetje išče osebo za razvoz hrane. Pogoj: polnoletnost in izpit B kategorije. Za več informacij pokliči.,1, DLJE ČASA (OBČASNO), Po dogovoru,307673, začasno in občasno delo

BLAGAJNIK (PRODAJA KART),"4,65",KRANJSKA GORA,Podjetje išče osebe za prodajo smučarskih vozovnic. Podjetje plača tudi polovico stroškov prevoza.,10, ZIMSKA SEZONA, Dopoldan,307672, začasno in občasno delo

STREŽBA HRANE IN PIJAČE,"5,50",LJUBLJANA CENTER,"Pomoč pri strežbi na hotelskih zajtrkih in občasno na dogodkih. Zaželene so izkušnje v strežbi, prijaznost, urejenost, pozitiven odnos do ljudi in do dela in predvsem ljubezen do gostinstva. Obvezno znanje angleščine oz. vsaj enega tujega jezika. Poleg plačila je zagotovljen tudi topel obrok.",2, DLJE ČASA (OBČASNO), Dopoldan,307670, začasno in občasno delo

VULKANIZERSKA DELA (DELO V DELAVNICI),"5,85",SLOVENSKA BISTRICA,Podjetje potrebuje osebo za delo v vulkanizerski delavnici. Predhodno znanje ni potrebno.,1, PO DOGOVORU, Izmensko,307663, začasno in občasno delo

STREŽBA,"4,13",ZLATO POLJE,Potrebujejo polnoletno osebo za strežbo v lokalu na bencinskem servisu. Obvezne izkušnje v strežbi. Stimulativno plačilo. Poleg urne postavke možna tudi stimulacija.,4, ZA DLJE ČASA (OBČASNO), Izmensko,307370, začasno in občasno delo

KLICNI CENTER,"5,00",LJUBLJANA,"Podjetje potrebuje več odgovornih, polnoletnih in resnih oseb za delo v klicnem centru - za sprejem klicev s strani strank. Vikendi so prosti.  Predhodne izkušnje niso potrebne. Delo poteka v mladem in dinamičnem kolektivu. Prijavo pošlji na e-naslov.",3, DLJE ČASA (OBČASNO), Izmensko,307365, začasno in občasno delo

POMOČ V KUHINJI,"4,80",KRANJ,"Priprava hrane v kuhinji (burgerji, palačinke, pice, tortilije itd.), sčasoma tudi pomoč pri delu v trgovini in na blagajni. Pogoji: starost nad 18 let, natančnost in urejenost. Če si poln/a pozitivne energije in delovnega zagona pokliči ali se prijavi na e-mail.",1, DLJE ČASA (OBČASNO), Izmensko,307362, začasno in občasno delo

INŠTRUKCIJE,"7,10",DOMŽALE,"Inštruiranje  fizike, elektrotehnike ali mehanike za osnovnošolce, gimnazijce/srednješolce ter priprava na maturo. Od študenta/ke pričakujejo dobro organiziranost, natančnost, zanesljivost, visoko mero odgovornosti ter sposobnost za samostojno in timsko delo. Zaželeno da je kandidat/ka iz Domžal ali okolice (lasten prevoz).",1, DLJE ČASA (OBČASNO), Popoldan,307356, začasno in občasno delo

STREŽBA,"5,00",TREBNJE,"Delo v piceriji, v prijetnem kolektivu. Delovne izkušnje niso potrebne.",1, DLJE ČASA (OBČASNO), Med vikendom,307351, začasno in občasno delo

POMOČ PRI PRODAJI,"4,13",MARIBOR,Podjetje potrebuje tri osebe za delo na blagajni. Nedeljska urna postavka je 6 Ă˘Â‚Â¬ bruto/h.,3, DLJE ČASA (OBČASNO), Izmensko,307342, začasno in občasno delo

TEHNIČNA POMOČ (IT PODPORA),"5,07",MARIBOR,"Želiš podrobneje spoznati delovanje najsodobnejših informacijsko-komunikacijskih tehnologij, hkrati pa si komunikativen študent/ka, ki rad/a pomaga in mu/ji veliko pomenijo zadovoljni uporabniki? Pridobi izkušnje in dobro referenco na področju tehnične/informacijske podpore uporabnikom. Možnost stimulacije do 8,00 Ă˘Â‚Â¬ bruto/h. Prijavi se in CV s prošnjo in telefonsko številko, obvezno s pripisom Tehnična/informacijska pomoč uporabnikom MB.",2, DLJE ČASA (OBČASNO), Izmensko,307337, začasno in občasno delo

TEHNIČNA POMOČ (IT PODPORA),"4,50",LJUBLJANA CENTER,"Delo na recepciji. Pogoji: starost nad 18 let, znanje angleškega jezika, komunikativnost, urejenost in  poštenost. Zelo velika prednost je, če stanujete v centru Ljubljane v okolici Drame in znate več tujih jezikov. Plačilo je lahko tudi višje. Za več informacij pokličite in se dogovorite za razgovor.",1, DLJE ČASA (OBČASNO), Popoldan,307329, začasno in občasno delo

POMOČ PRI PRODAJI,"5,00",PRIMORSKA,Pogoj je starost nad 21 let. Tehnično podjetje potrebuje absolvente/tke za prodajo aroma marketinga na terenu.,1, DLJE ČASA (OBČASNO), Po dogovoru,306991, začasno in občasno delo

POMOČ PRI PRODAJI,"5,00",SAVINJSKA,Tehnično podjetje potrebuje absolvente/tke za prodajo aroma marketinga na terenu.,1, DLJE ČASA (OBČASNO), Po dogovoru,306990, začasno in občasno delo

POMOČ PRI PRODAJI,"5,00",KOROŠKA,Tehnično podjetje potrebuje absolvente/tke za prodajo aroma marketinga na terenu.,1, DLJE ČASA (OBČASNO), Po dogovoru,306989, začasno in občasno delo

POMOČ PRI PRODAJI,"5,00",POMURSKA,Tehnično podjetje potrebuje absolvente/tke za prodajo aroma marketinga na terenu.,1, DLJE ČASA (OBČASNO), Po dogovoru,306988, začasno in občasno delo

POMOČ PRI PRODAJI,"5,00",LJUBLJANA Z OKOLICO,Tehnično podjetje potrebuje absolvente/tke za prodajo aroma marketinga na terenu.,1, DLJE ČASA (OBČASNO), Po dogovoru,306987, začasno in občasno delo

POMOČ PRI PRODAJI,"5,00",MARIBOR Z OKOLICO,Tehnično podjetje potrebuje absolvente/tke za prodajo aroma marketinga na terenu.,1, DLJE ČASA (OBČASNO), Po dogovoru,306986, začasno in občasno delo

DELO V DELAVNICI,"5,49",LOGATEC,"Delo v proizvodnji stenskih in stropnih oblog. Pomoč pri stroju, sestavljanje izdelkov, pakiranje...Delovni čas je v treh izmenah, lahko tudi samo nočno delo.",3, DLJE ČASA (OBČASNO), Po dogovoru,306985, začasno in občasno delo

POMOČ V KUHINJI,"6,00",KRANJ,"Pomoč v kuhinji, pomivanje posode in občasno ostala pomožna dela.  Pričetek dela je ob 16. uri.",1, DLJE ČASA (OBČASNO), Popoldan,306984, začasno in občasno delo

BLAGAJNIK (POLNJENJE POLIC),"4,13",KAMNIK - DUPLICA,"Podjetje potrebuje polnoletno osebo za delo v trgovini (delo na blagajni, sbetovanje, popravljanje oblačil, polnjenje polic....). Pogoj je končana srednja šola.",3, DLJE ČASA (OBČASNO), Izmensko,306983, začasno in občasno delo

DELO NA TERENU,"5,93",LJUBLJANA,"Mlad in uspešen team vabi več komunikativnih in odgovornih študentov/tk, usmerjenih k doseganju rezultatov, za dogovarjanje glede optičnega omrežja na terenu. Nudijo uvajanje v delo, dobro plačilo (fiksna urna postavka + stimulacija-osnova 7,02 bruto s stimulacijo do 11,61 bruto), možnost kariernega razvoja in dolgoročne zaposlitve. Zaželen lasten prevoz. Za prijavo pošljite CV ali pokličite.",2, DLJE ČASA (OBČASNO), Popoldan,306982, začasno in občasno delo

RAČUNALNIŠKE STORITVE,"5,49",LJUBLJANA,"Iščejo študenta/ko z zaključenim vsaj 1. letnikom, ki bi se do konca študija rad izpopolnjeval v poslovnem svetu IT-ja in mednarodnih telekomunikacij, ter imel možnost, da kasneje postane del rednega team-a njihovega podjetja. Ponujajo razgibano delo v operativno-nadzornem in analitičnem oddelku, v mladem kolektivu s stimulativnim naraščajočim plačilom in prilagodljivim urnikom. Če ti angleščina ni tuja in rad preživiš kakšno uro več za računalnikom, pošlji prijavo in CV na priloženi naslov.",2, DLJE ČASA (OBČASNO), Izmensko,306603, začasno in občasno delo

POMOČ V STREŽBI,"6,00",VRHNIKA,"Podjetje išče polnoletne osebe za delo v strežbi. Zaželene izkušnje, poštenost, prijaznost in komunikativnost. Redno plačilo.",2, DLJE ČASA (OBČASNO), Izmensko,306601, začasno in občasno delo

STREŽBA,"5,50",MENGEŠ,Iščejo kandidate za strežbo v prijetnem dnevnem lokalu. Izkušnje niso potrebne. Delovnik po dogovoru.,2, DLJE ČASA (OBČASNO), Po dogovoru,306600, začasno in občasno delo

MARKETING,"6,50",LJUBLJANA,"Pomoč pri SEO optimizaciji spletnih strani, vključno s pisanjem SEO člankov. Obvezne izkušnje in dobro pisno izražanje v angleškem jeziku. Znanje nemškega jezika je prednost. Delo na sedežu podjetja. Pogoj je starost nad 18 let.",1, DLJE ČASA (OBČASNO), Po dogovoru,306591, začasno in občasno delo

POMOČ NA PODROČJU MARKETINGA,"10,00",MARIBOR ALI OD DOMA,"So finančna institucija, ki se želi širiti s svojimi storitvami tudi v Maribor. Išče se oseba ekonomske ali pravne smeri, z vsaj 3 do 4 ure časa na dan, dela se lahko v okolici ali na podjetju. Delo je na področju marketinga in komuniciranja s podjetji, lahko tudi na terenu ali sejmih, ali trgovskih centrih, po želji posameznika. Pošljite CV na e-naslov.",2, DLJE ČASA (OBČASNO), Po dogovoru,306588, začasno in občasno delo

STREŽBA,"5,07",LJUBLJANA ŠIŠKA,V prijetnem lokalu iščejo urejene študente/študentke z izkušnjami v strežbi in z veseljem do dela z ljudmi.  Urna postavka je odvisna od vašega znanja. Redno plačilo vsakega 5-ga v mesecu. Lahko tudi samo med vikendom.,2, DLJE ČASA (OBČASNO), Po dogovoru,306586, začasno in občasno delo

POMOČ PRI PRODAJI,"4,50",LJUBLJANA,"V prijetnem kolektivu iščejo odgovorno osebo za pomoč pri prodaji in delu s strankami. Delo poteka med vikendi. Od osebe se pričakuje odgovornost, samoiniciativnost, prijaznost, delavnost in veselje do tovrstnega dela. Prijave in CV na e-mail.",1, DLJE ČASA (OBČASNO), Med vikendom,306585, začasno in občasno delo

VADITELJ,"4,22",BLED,Pomočnik/ica trenerja ritmične gimnastike-rekreativni program. Pogoj so izkušnje iz ritmične gimnastike in veselje do dela z otroki. Možnost dolgoročnega sodelovanja ter usposabljanja za trenerja.,1, ŠOLSKO LETO 2019/2020, Popoldan,306584, začasno in občasno delo

RAZVOZ (RAZVOZ HRANE),"4,50",TRBOVLJE,Razvoz hrane. Pogoji: starost na 18 let in vozniški izpit.,2, DLJE ČASA (OBČASNO), Izmensko,306583, začasno in občasno delo

ANIMATOR,"5,00",LJUBLJANA,"Podjetje išče študenta/ko za animacije na tematskih rojstnodnevnih zabavah in delo v sobi pobega. Pri uvajanju vas bo vodil mentor. Med tednom se dela popoldan in med vikendom po dogovoru. Zaželene so izkušnje pri delu z otroki, niso pa pogoj. Prednost imajo kandidati višjih letnikov in z več prostega časa. CV, prijavo in reference pošljite na e-mail.",4, DLJE ČASA (OBČASNO), Po dogovoru,306582, začasno in občasno delo

DEKLARIRANJE,"4,65",LJUBLJANA,"Odgovornost, zanesljivost in volja za delo.",2, DLJE ČASA (OBČASNO), dopoldan,306230, začasno in občasno delo

POMOČ V STREŽBI,"4,65",LJUBLJANA,Za pomoč v strežbi potrebujejo dve osebi. Izkušnje zaželene.,2, DLJE ČASA (OBČASNO), Izmensko,306225, začasno in občasno delo

STREŽBA,"4,70",PTUJ,"Podjetje potrebuje polnoletno, komunikativno in odgovorno osebo za strežbo v urejenem lokalu v turističnem kompleksu Term Ptuj. Delovni čas je po dogovoru in potrebi, odvisno od prostega časa študenta/ke. Izkušnje niso potrebne. Podjetje poleg urne postavke nudi tudi napitnino. Interesenti naj pokličejo na kontakt podjetja.",1, DLJE ČASA (OBČASNO), Po dogovoru,306222, začasno in občasno delo

PARKIRANJE VOZIL,"4,14",KOPER,"Podjetje išče več oseb za vožnjo avtomobilov v Luki. Pogoja sta starost nad 19 let in vozniški izpi B kategorije vsaj 1 leto. Delo prilagodijo vašim obveznostim. Plačilo od 4,90- 6 Ă˘Â‚Â¬/h bruto.",10, DLJE ČASA (OBČASNO), Po dogovoru,306221, začasno in občasno delo

STREŽBA,"5,00",LOGATEC,"Kavarna in slaščičarna išče prijazno, komunikativno in resno osebo za delo v strežbi. Zaželen je status absolventa. Delo je fleksibilno, delovni čas po dogovoru s podjetjem. Kasneje možnost redne zaposlitve. V kolikor vas delo zanima, pokličite na navedeno kontaktno številko.",1, DLJE ČASA (OBČASNO), Izmensko,306218, začasno in občasno delo

KLICNI CENTER,"4,13",MARIBOR,"Za popoldansko delo v dohodnem klicnem centru (servis strank) iščejo 3 študente/ke, ki so resni, zanesljivi, natančni, prijazni in komunikativni. Gre za delo v mladem kolektivu, izkušnje niso obvezne. Delo poteka od ponedeljka do petka v popoldanskem času in ob sobotah v dopoldanskem času. Prijave sprejemajo na e-mail.",3, DLJE ČASA (OBČASNO), Popoldan,306205, začasno in občasno delo

STREŽBA,"5,50",KRANJ,"Za delo strežbe potrebujejo zanesljivo, pridno osebo. Pogoj je starost nad 18 let, zaželene izkušnje.",1, ZA DLJE ČASA (OBČASNO), Izmensko,306203, začasno in občasno delo

POMOČ V STREŽBI,"5,00",LJUBLJANA,"Potrebujejo osebe za pripravo in strežbo pijače. Delo poteka v prijetnem ambientu, z mladim kolektivom.  Zaželene so izkušnje, niso pa pogoj. Pričakujejo: prijaznost, komunikativnost, veselje do dela z ljudmi. Nudijo redno plačilo in malico.",4, DLJE ČASA (OBČASNO), Izmensko,306195, začasno in občasno delo

POMOČ V SKLADIŠČU IN PROD. CENTRIH,"4,22",LJUBLJANA,"Iščejo osebo za pomoč pri pakiranju in odpremi naročil - pomoč v trgovini in skladišču z opremo za mobilne naprave (odprema naročil v spletni trgovini). Od kanidata/ke pričakujejo veselje do učenja ter natančnost, samoiniciativnost, samostojnost in komunikativnost. Prednost predstavljajo izkušnje z delom v skladišču.",1, DLJE ČASA (OBČASNO), Po dogovoru,306194, začasno in občasno delo

ZAHTEVNA ADMINISTRATIVNA DELA (REVIZIJA),"6,00",LJUBLJANA,"Iščejo študenta/-tko ekonomije z odličnimi računalniškimi znanji. Naloge: obračunavanje nastalih škod in drugih dogodkov, revizija in usklajevanje poslovanja področja,

usklajevanje in kontrola plačil, vodenje raznih evidenc in statistik, skrb za ustreznost dokumentacije, izvajanje ustreznih obračunsko-administrativnih del. Pričakujejo: odlično znanje MS Office, organizacijske sposobnosti, natančnost, zanesljivost, samoiniciativnost, samostojnost, poznavanje blagovnega poslovanja.",1, DLJE ČASA (OBČASNO), Dopoldan,306193, začasno in občasno delo

POMOČ V TRGOVINI,"4,13",KRANJ,"Pomoč v trgovini, zlaganje artiklov na police, skrb za estetski in urejen videz trgovine, pomoč strankam, delo na blagajni, prevzem robe v skladišču. Dela se v prijetnem kolektivu.",5, PO DOGOVORU, Po dogovoru,305901, začasno in občasno delo

PROMOCIJA,"4,50",LJUBLJANA BTC,"Promocija naravne slovenske kozmetike in čistil. Zaželene so izkušnje s promocijskim delom, niso pa pogoj. Pogoj je energičnost, zanesljivost, komunikativnost, samoiniciativnost in nasmejanost. Delo poteka po dogovoru. Prijave skupaj z življenjepisom pošljite na elektronski naslov.",3, DLJE ČASA (OBČASNO), Po dogovoru,305890, začasno in občasno delo

POMOČ V TRGOVINI,"4,17",LJUBLJANA,"Podjetje potrebuje polnoletne osebe za pomoč v trgovini (pomoč pri prevzemanju robe, menjavi kolekcij, polnjenje trgovine, delo z računalnikom) . Pogoji: natančnost, zanesljivost, hitro učenje, prilagodljivost.",2, DLJE ČASA, Izmensko,305887, začasno in občasno delo

STREŽBA,"4,22",ŠENTJUR,Kavarna išče komunikativno osebo za pomoč pri strežbi pijač. Zaželene so izkušnje.,1, DLJE ČASA (OBČASNO), Izmensko,305872, začasno in občasno delo

DELO NA BENCINSKEM SERVISU,"4,22",MARIBOR,"Za delo na bencinskem servisu potrebujejo komunikativno, prijazno osebo z veseljem do dela s strankami. Obsega delo na blagajni, prodajo, čiščenje, delo v avtomatski avtopralnici, promocija... Kolektiv je mlad in pozitivno naravnan.",1, PO DOGOVORU, Izmensko,305870, začasno in občasno delo

RAZVOZ,"5,00",LJUBLJANA,"Si želiš združiti šport in delo na prostem? Postani samostojni dostavljalec hrane na kolesu. Ponujajo prilagodljiv urnik in super ekipo. To je le nekaj prednosti, ki jih to delo omogoča. Urnik in količino dela si prilagajaš sam, delo je zaželeno predvsem preko vikendov. Pogoji: starost na 18 let, lastno kolo ali skuter in veselje do dela z ljudmi. Če želiš osvojiti Ljubljano na kolesu pošlji prijavo na email.",3, DLJE ČASA (OBČASNO), Med vikendom,305869, začasno in občasno delo

ČIŠČENJE,"5,00",KRANJ,"Potrebujejo polnoletno osebo za čiščenje, enkrat tedensko, fleksibilen urnik.",1, DLJE ČASA (OBČASNO), Dopoldan,305868, začasno in občasno delo

DELO V AVTOPRALNICI,"5,00",MARIBOR TEZNO,"Potrebujejo polnoletno osebo za samostojno delo v avtomatski avtopralnici (predpranje z vapom). Dela se tudi na blagajni in z denarjem. Pogoji: komunikativnost, samostojnost in poštenost.",1, DLJE ČASA (OBČASNO), Izmensko,305865, začasno in občasno delo

POMOČ PRI PRODAJI,"4,48",KOPER,"Trgovec s tehničnim blagom vabi polnoletne osebe, da se pridružijo ekipi za pomoč pri prodaji. Delo v prodaji ponuja priložnost za razvoj kompetenc, ki iz prodajalca naredijo strokovnjaka. Izkušnje s prodajo so zaželene. Če ti je delo s tehničnimi izdelki blizu, se oglasi. Morda si boste všeč. Plačilo je fiksno + stimulativno ter nagrada 10 eur/bruto za oddelano nedeljo.",1, DLJE ČASA (OBČASNO), Po dogovoru,305856, začasno in občasno delo

STREŽBA,"5,50",LJUBLJANA,"Delo v šanku, strežba pijač in priprava prigrizkov. Urna postavka se giblje med 5,50Ă˘Â‚Â¬  in 7,10Ă˘Â‚Â¬ neto. V kolektiv vabijo pridno in zanesljivo strežno osebje, ki se zaveda svojih obveznosti do delodajalca. Iščejo večje število študentov posebej za delo med vikendom, zaradi povečanega obsega dela. Delo poteka v dveh izmenah. Za pridne se najde delo tudi med tednom. Pogoji: urejenost, dobra volja, samoiniciativnost, izkušnje dobrodošle. Veseli bodo vašega klica.",3, DLJE ČASA (OBČASNO), Med vikendom,305853, začasno in občasno delo

POMOČ PRI PRODAJI,"4,23",KOPER,"Podjetje išče študente za pomoč pri prodaji. Delo ni vezano na delo na blagajni. Iščejo kandidate za delo tudi med študijskim letom. Če te zanima delo v dinamičnem okolju pošlji prijavo na e-naslov, obvezno s pripisom: Za Stradivarius Koper in svojo telefonsko številko.",5, DLJE ČASA (OBČASNO), Izmensko,305462, začasno in občasno delo

STREŽBA,"5,00",LJUBLJANA,Podjetje išče polnoletne osebe za delo v strežbi pijač. Pogoj so izkušnje. Med vikendi in prazniki lokal ne obratuje (prosto).,4, DLJE ČASA (OBČASNO), Po dogovoru,305445, začasno in občasno delo

STREŽBA HRANE IN PIJAČE,"6,00",PREVALJE,"Za strežbo v lokalu potrebujejo polnoletni osebi z izkušnjami v strežbi, prodaji ali delu s strankami.",2, DLJE ČASA (OBČASNO), Po dogovoru,305441, začasno in občasno delo

POMOČ V STREŽBI,"7,00",LJUBLJANA,Iščejo osebo za pomoč v strežbi. Prijave sprejemajo na elektronski naslov ali preko telefona.,3, DLJE ČASA (OBČASNO), Dopoldan,305434, začasno in občasno delo

DELO V KUHINJI,"6,50",LJUBLJANA,"Za delo v kuhinji je potrebna volja do dela. Izkušnje niso pogoj, možna priučitev. Zahteva se resnost na delovnem mestu. Pridnost dodano nagrajena.",3, DLJE ČASA (OBČASNO), Po dogovoru,305433, začasno in občasno delo

RAZVOZ,"4,90",LJUBLJANA,"Podjetje išče polnoletno osebo za razvoz hrane z avtom ali na skuterju-motorju (last podjetja), če je lepo vreme. Pogoj: vozniško dovoljenje. Pa tudi več dostavljalce na kolesu. Več informacij lahko najdete na njihovi spletni strani.",6, DLJE ČASA (OBČASNO), Po dogovoru,305432, začasno in občasno delo

STREŽBA HRANE IN PIJAČE,"6,00",LJUBLJANA BEŽIGRAD,"Strežba hrane in pijače, pospravljanje in pripravljanje vrta.",2, DLJE ČASA (OBČASNO), Popoldan,305428, začasno in občasno delo

STREŽBA HRANE IN PIJAČE,"7,00",LJUBLJANA - PODUTIK,"V prijeten tim sprejmejo študenta za občasno pomoč v strežbi. Predvsem potrebujejo pomoč med vikendi od 13. do 18. ure, občasno tudi med tednom. Zaželene so izkušnje in samostojno opravljanje dela kot so: strežba pijače in hrane ter skrb za čistočo restavracije. Če si pozitivna in energična oseba, potem si vabljen/a v njihov tim.",2, DLJE ČASA (OBČASNO), Po dogovoru,305420, začasno in občasno delo

STREŽBA,"5,00",LJUBLJANA-CENTER,Strežba v modernem pub-u. Pogoj: izkušnje. Nedelje in prazniki so prosti. Navedena urna postavka je lahko tudi višja - odvisno od izkušenj. Za več informacij pokliči.,1, DLJE ČASA (OBČASNO), Izmensko,305406, začasno in občasno delo

DELO V AVTOPRALNICI,"5,49",DOMŽALE,"Pranje v avtomatski avtopralnici, notranje čiščenje vozil in priprava na pranje. Delo ob vikendih po potrebi. Pogoj izpit B kategorije. Možnost kasnejše redne zaposlitve.",1, DLJE ČASA (OBČASNO), Po dogovoru,304950, začasno in občasno delo

DELO NA BENCINSKEM SERVISU,"5,20",DOMŽALE,"Potrebujejo študenta/ študentko za občasno pomoč na bencinskem servisu. Znanja ne potrebujete, vse vas naučijo, imejte samo voljo, smisel za prodajo, komunikacijo, urejenost, skrb za čistočo, delo v teamu,...",2, DLJE ČASA (OBČASNO), Med vikendom,304941, začasno in občasno delo

DELO V KUHINJI,"4,13",LJUBLJANA,Pomoč pri pomivanju posode v pomivalnici. Delo poteka v dveh izmenah (dopoldan od 7.20 ure dalje in popoldan od 15. ure dalje).,3, PO DOGOVORU, Izmensko,304940, začasno in občasno delo

DELO V KUHINJI,"4,22",PTUJ,"Podjetje potrebuje polnoletno osebo za peko hamburgerjev in ostalo pomoč v kuhinji v na novo odprtem lokalu s hitro prehrano v centru Ptuja. Pogoj je čistoča in nekaj izkušenj. Okrepčevalnica je čez teden odprta od 7. do 23. ure, v petek in soboto do 4. ure zjutraj. Dela se po potrebi in dogovoru. Ob urni postavki obljubljajo tudi stimulacijo. Za prijavo pokličite na kontaktno številko.",1, DLJE ČASA (OBČASNO), Po dogovoru,304934, začasno in občasno delo

STREŽBA,"5,00",MARIBOR,Podjetje potrebuje dve osebi za strežbo v restavraciji. Zaželene so izkušnje v strežbi.,2, DLJE ČASA (OBČASNO), Po dogovoru,304930, začasno in občasno delo

RAZVOZ,"5,50",LJUBLJANA,"Mednarodna znamka nove generacije, ki hitro raste, išče zaposlene ki si želijo uspešne kariere. Iščejo prijazne, zanesljive, odgovorne in motivirane zaposlene za delo dostavljalca z možnostjo napredovanja do managerja izmene. Urna postavka je 6,51 Ă˘Â‚Â¬ bruto, v nadaljevanju pa do 7,10 Ă˘Â‚Â¬ bruto.Brezplačna malica.Pogoj je starost nad 18 let.  Pričetek dela takoj.",5, DLJE ČASA (OBČASNO), Izmensko,304922, začasno in občasno delo

DELO V KUHINJI,"5,50",LJUBLJANA,"Mednarodna znamka nove generacije, ki hitro raste, išče zaposlene ki si želijo uspešne kariere. Iščejo prijazne, zanesljive, odgovorne in motivirane osebe za delo v kuhinji ter z možnostjo napredovanja v picopeka ter managerja izmene. Izkušnje niso pomembne, pomembno je, da ste delovni in znanja željni. Uvajalna urna postavka je 6,51 Ă˘Â‚Â¬ bruto, v nadaljevanju pa do 7,10 Ă˘Â‚Â¬ bruto.",5, DLJE ČASA (OBČASNO), Izmensko,304921, začasno in občasno delo

TRŽENJE,"5,15",KRANJ IN ŠENČUR Z OKOLICO,"SOCIALNA OSKRBA na terenu, prevoz s službenim vozilom. Pogoji: ustrezna izobrazba (bolničar ali zdravstveni tehnik, medicinska sestra, diplomirana med.sestra) ali  NPK (socialni oskrbnik). Ostali pogoji: izpit B kategorije vsaj 1 leto ter veselje do dela z ljudmi. Prijave pošljite na e-naslov.",2, DLJE ČASA (OBČASNO), Izmensko,304911, začasno in občasno delo

POMOČ V TRGOVINI,"5,07",KRANJ - KOKRICA,Trgovsko podjetje potrebuje polnoletno osebo za dela se na blagajni ali pa na oddelku pekovskih izdelkov. Nedeljsko delo je plačano 7 Ă˘Â‚Â¬/h bruto.,1, DLJE ČASA (OBČASNO), Po dogovoru,304477, začasno in občasno delo

DELO NA RECEPCIJI (PORTIR),"5,00",BLED,"Pomoč pri delu v hotelski recepciji, portir.",1, DLJE ČASA (OBČASNO), Po dogovoru,304473, začasno in občasno delo

STREŽBA,"6,30",DOMŽALE,"V prijeteni kavarni iščejo osebe za strežbo pijač, tort in prigrizkov. Delovnik je po dogovoru. Pogoji: izkušnje v strežbi, prijaznost, urejenost, korektnost in odgovornost pri delu.",2," POLETJE 2019, LAHKO ZA DLJE ČASA", Po dogovoru,304462, začasno in občasno delo

POMOČ V STREŽBI,"4,13",ZGORNJA KUNGOTA,"V gostisnkem lokalu potrebujejo osebo za pomoč v strežbi. Bruto urna postavka je od 4,89 do 7 Ă˘Â‚Â¬  - postavka plačana po prometu. Pripada vam tudi vsa napitnina. Z veseljem vas pričakuje njihov kolektiv.",2, PO DOGOVORU, Po dogovoru,304452, začasno in občasno delo

POMOČ PRI PRODAJI,"4,48",LJUBLJANA RUDNIK,"Iščejo komunikativne, zanesljive osebe za pomoč pri prodaji modnih dodatkov. Pogoj je starost nad 18 let. Plačilo: 5,30 Ă˘Â‚Â¬/h bruto, 5,80 Ă˘Â‚Â¬/h bruto za delo ob nedeljah.",2, DLJE ČASA (OBČASNO), Izmensko,304444, začasno in občasno delo

STREŽBA HRANE IN PIJAČE,"5,00",LENART,Potrebujejo dve osebi za pomoč v strežbi s hrane in pijače. Dela se po potrebi in dogovoru. Za vse informacije in prijave na delo pišite na e-mail ali pokličite po telefonu.,2, PO DOGOVORU., Po dogovoru,304441, začasno in občasno delo

STREŽBA HRANE IN PIJAČE,"5,83",LJUBLJANA CENTER,"Za samostojno delo v najboljšem pubu v Ljubljani iščejo dinamično osebo, ki jo veselijo craft piva in ima izkušnje z delom v strežbi. Nudijo stimulativno plačilo, obilo novih izkušenj in odlično referenco. Prijavo in CV pošlji na e-naslov.",1, DLJE ČASA (OBČASNO), Po dogovoru,304439, začasno in občasno delo

STREŽBA,"5,00",IVANČNA GORICA,Potrebujejo polnoletno osebo za delo v strežbi v dnevnem baru. Delo v popoldanskem času in za vikend. Redno plačilo in odličen tim.,2, DLJE ČASA (OBČASNO), Popoldan,304432, začasno in občasno delo

STREŽBA HRANE IN PIJAČE,"5,00",LJUBLJANA,Strežba hrane in pijače v prijetnem vzdušju. Zaželene so izkušnje s tovrstnim delom.,2, DLJE ČASA (OBČASNO), Izmensko,304425, začasno in občasno delo

POMOČ PRI PRODAJI,"4,65",LJUBLJANA,"Podjetje išče več oseb za delo v športni trgovini. Če je šport del tvojega življenja, si energičen/na, uživaš v skupinskem delu in rad/a delaš z ljudmi, tvoje prednosti pa so prijaznost, pozitivna naravnanost in si pripravljen/a pomagati, pošlji prijavo na e-mail s pripisom- študentsko delo v Ljubljani (BTC) in napiši s katerimi športi se ukvarjaš. Možnost kasnejše redne zaposlitve.",5, PO DOGOVORU, Izmensko,304421, začasno in občasno delo

STREŽBA,"5,50",TRZIN,"Iščejo komunikativne, polonoletne, samostojne in delavne osebe za delo v prijetnem lokalu. Izkušnje so zaželene, niso pa pogoj.",2, DLJE ČASA (OBČASNO), Popoldan,303926, začasno in občasno delo

STREŽBA HRANE IN PIJAČE,"6,00",LJUBLJANA,"V prijazen kolektiv vabijo polnoletno, motivirano, natančno, samostojno osebo za delo v strežbi. Zaželene so daljše izkušnje pri strežbi hrane in pijače. Resni, zanesljivi, odgovorni, skrbni, pošteni in prijazni kandidati pošljite e-mail z osebnimi podatki in izpis Moje izkušnje. Zaželeno je znanje tujih jezikov (vsaj angl.). Nudijo: kasnejšo zaposlitev, dobre delovne pogoje in redno plačilo.",1, DLJE ČASA (OBČASNO), Po dogovoru,303924, začasno in občasno delo

STREŽBA,"4,13",ČERNELAVCI,Podjetje potrebuje dve osebi za strežbo v baru.,2, DLJE ČASA (OBČASNO), Med vikendom,303921, začasno in občasno delo

STREŽBA,"5,00",SODRAŽICA,"Potrebujejo polnoletno, komunikativno, prilagodljivo in do gostov prijazno osebo. Delovnik je po dogovoru.",2, DLJE ČASA (OBČASNO), Izmensko,303920, začasno in občasno delo

POMOČ V TRGOVINI,"5,00",JESENICE,Podjetje išče kandidata za pomoč pri prodaji v manjši trgovini. Stimulativno plačilo za nedeljsko delo. Pogoj je starost nad 18 let.,3, DLJE ČASA (OBČASNO), Med vikendom,303915, začasno in občasno delo

STREŽBA,"4,13",NOVA  GORICA,Iščejo osebo za pomoč pri prodaji.,1, PO DOGOVORU, Po dogovoru,303907, začasno in občasno delo

STREŽBA,"6,50",DRAVLJE,"Podjetje potrebuje osebo za delo v strežbi. Pogoji: polnoletnost, resnost in veselje do dela z ljudmi.  Izkušnje so zaželjene. Lokal obratuje od 6:00-00:00 Delovnik je lahko tro izmenski.",5, DLJE ČASA (OBČASNO), Izmensko,303906, začasno in občasno delo

POMOČ V KUHINJI,"5,00",TUHINJ,Iščejo kandidata za pomoč v kuhinji.,1, DLJE ČASA (OBČASNO), Po dogovoru,303894, začasno in občasno delo

STREŽBA HRANE IN PIJAČE,"6,00",TUHINJ,"Potrebujejo simpatično, urejeno in zanesljivo osebo za delo v strežbi hrane  in pijače.",1, DLJE ČASA (OBČASNO), Po dogovoru,303893, začasno in občasno delo

POMOČ PRI PRODAJI,"4,13",LAŠKO,"Iščeš delo in si komunikativna oseba? Potem je to delo pravo zate. Potrebujejo pomoč pri prodaji drobne galanterije, torbic, šolskega in potovalnega programa. Od polnoletne osebe pričakujejo točnost, resnost, pridnost in urejenost. Če pa si še kreativna in natančna oseba, potem si prava izbira za njih. Kontaktiraš jih lahko na e-mail ali se oglasiš osebno v poslovalnici.",1," DLJE ČASA (OBČASNO), PO DOGOVORU", Popoldan,303404, začasno in občasno delo

VADITELJ,"8,45",KRANJ IN OKOLICA,Vaditelj/ica ritmične gimnastike. Delo z deklicami od 6. do 13. leta starosti Pogoj je polnoletnost in ustrezna usposobljenost. Možnost dolgoročnega sodelovanja ter usposabljanja za trenerja. Plačilo je od 10-12 Ă˘Â‚Â¬/h bruto (odvisno od števila otrok).,1, DLJE ČASA (OBČASNO), Popoldan,303401, začasno in občasno delo

ADMINISTRATIVNA DELA,"4,22",LJUBLJANA,"Iščejo študenta/študentko prava za pomoč v odvetniški pisarni za opravljanje administrativnih del (dvigovanje telefonov, kopiranje, vnašanje pošte, pisanje dopisov, vlaganje izvršb, iskanje sodne prakse in podobno). Delo se opravlja po dogovoru. Prijave sprejemajo na elektronski naslov.",1, PO DOGOVORU, Dopoldan,303393, začasno in občasno delo

DELO NA RECEPCIJI,"4,13",KRANJSKA GORA,"Delo na igralniški recepciji. Pogoj je starost nad 18 let. Plačilo je od 4,89 Ă˘Â‚Â¬ bruto/h do 5,38 Ă˘Â‚Â¬ bruto/h. Podjetje povrne stroške prevoza. Zaželeno je pogovorno znanje nemškega in/ali ital. jezika. Vloge pošljite na e-mail.",1, DLJE ČASA (OBČASNO), Izmensko,303387, začasno in občasno delo

PRODAJA (PRODAJA SLADOLEDA),"5,32",PORTOROŽ,Iščejo več članov/ic za strežbo v popularnem lokalu poleg obale. Delo poteka v mladem kolektivu s fleksibilnim urnikom - se prilagajajo študij. obveznostim; če želite lahko delate samo med vikendi. Izkušnje niso pogoj - dela se lahko priučite. Poleg navedene urne postavke ste deležni še morebitnih napitnin.,3, PO DOGOVORU, Med vikendom,303384, začasno in občasno delo

DELO V SKLADIŠČU,"5,26","LJUBLJANA, BTC","Si želiš postati del modre ekipe in pomembno prispevati k rasti njihove blagovne znamke? V svoje vrste sprejmejo le najboljše kandidate. Če si najboljši, se prijavi oz. pokliči vodjo poslovalnice.",1, DLJE ČASA (OBČASNO), Izmensko,303380, začasno in občasno delo

STREŽBA,"4,22",TRŽIČ,Podjetje išče polnoletno osebe za pomoč v strežbi hrane in pijače. Delovni so tudi vikendi.,3, DLJE ČASA (OBČASNO), Po dogovoru,303378, začasno in občasno delo

KOZMETIČNE STORITVE (PRODAJA),"5,49",KAMNIK,"Svetovanje strankam pri izbiri kozmetike, ličenje ter prodaja lepotnih in kozmetičnih izdelkov. CV in prijavo s pripisom telefonske številke pošlji na e-mail.",1, DLJE ČASA (OBČASNO), Po dogovoru,303371, začasno in občasno delo

KOZMETIČNE STORITVE (PRODAJA),"5,49",LJUBLJANA,"Svetovanje strankam pri izbiri kozmetike, ličenje ter prodaja lepotnih in kozmetičnih izdelkov. CV in prijavo s pripisom telefonske številke pošlji na e-mail.",1, DLJE ČASA (OBČASNO), Po dogovoru,303370, začasno in občasno delo

DELO V KUHINJI,"5,07",KAMNIK,"Delo poteka v manjšem, prijetnem hotelu v središču Kamnika. Delo obsega: - priprava zajtrkov za hotelske goste - priprava pogostitev, prigrizkov - skrb za red in čistočo kuhinjskih prostorov. Če te veseli prijetno in energično delo v turizmu, se pridruži ekipi!",2, DLJE ČASA (OBČASNO), Po dogovoru,303366, začasno in občasno delo

POMOČ V KUHINJI,"5,00",LJUBLJANA BTC,Delo v novi veganski in vegetarijanski restavraciji. Pomoč v kuhinji in pomivanje posode. Pokliči ali pošlji prijavo na e-mail.,2, DLJE ČASA (OBČASNO), Izmensko,302764, začasno in občasno delo

DELO V KUHINJI,"4,22",SEŽANA,"Podjetje potrebuje polnoletno osebo za pomoč pri pripravi hrane, čiščenju posode in pri skrbi za čistočo v kuhinji. Pogoj je veselje do dela.",1, DLJE ČASA (OBČASNO), Izmensko,302752, začasno in občasno delo

STREŽBA HRANE IN PIJAČE,"6,00",LJUBLJANA,Strežba hrane in pijače ter skrb za čistočo delovnega mesta.,3, 3 MESECE, Po dogovoru,302751, začasno in občasno delo

STREŽBA,"5,50",CENTER LJUBLJANE,"Iščejo študenta za delo v strežbi, pomoč natakarju v butični restavraciji. Delo bo potekalo tudi med vikendi in prazniki. Pogoj: nad 18 let.",2, DLJE ČASA (OBČASNO), Popoldan,302749, začasno in občasno delo

DELO NA BENCINSKEM SERVISU,"5,07",RIBNICA,"Prodaja izdelkov in storitev strankam na bencinskem servisu. Delo na blagajni, priprava in postrežba, skrb za urejenost in čistočo prodajnih polic ter celotnega bencinskega servisa, pomoč strankam v avtopralnici. Delo tudi ob vikendih. Prijavo pošlji na email. Pogoj je starost nad 18 let.",1, DLJE ČASA (OBČASNO), Izmensko,302744, začasno in občasno delo

STREŽBA,"5,50",DOMŽALE,"Za strežbo v prijetnem okolju iščejo resno in urejeno osebo, zaželene izkušnje v strežbi. Kasneje tudi možnost zaposlitve.",2, DLJE ČASA (OBČASNO), Izmensko,302735, začasno in občasno delo

STREŽBA,"4,22",LOG IN/ALI STUDENEC,"Za delo v strežbi potrebujejo prijetno, komunikativno osebo, ki ima rada delo z ljudmi.",1, DLJE ČASA (OBČASNO), Po dogovoru,302699, začasno in občasno delo

STREŽBA,"4,50",STIČNA,"Iščejo dve osebi za strežbo pijače v novejšem lokalu. Pogoji so starost nad 18 let, zaželene izkušnje, resnost, točnost, komunikativnost. Iščejo tudi osebo, ki bo hkrati stregla in po dogovoru skrbela za vodenje lokala (nabava, urniki itd.). Možnost redne zaposlitve. Urna postavka je od 5,33 Ă˘Â‚Â¬ do 6,51 Ă˘Â‚Â¬ bruto.",2, DLJE ČASA (OBČASNO), Izmensko,302698, začasno in občasno delo

DEKLARIRANJE,"4,30",LJUBLJANA,"Deklariranje in pakiranje izdelkov. Pogoji: starost nad 18 let, delovne navade, zanesljivost, hitrost, natančnost ter razpoložljivost. Plačilo lahko doseže 6,51Ă˘Â‚Â¬/h.",10, DLJE ČASA (OBČASNO), Dopoldan,302697, začasno in občasno delo

VADITELJ,"10,00",NOVO MESTO IN OKOLICA,"Iščejo osebe za poučevanje plesa 1. stopnje, se pravi, 1.in 2. razred OŠ in 3. in 4. razred OŠ.

Potrebujejo vaditelje jazz baleta, akrobatike, klasičnega baleta in sodobnega plesa.

Zaželeno: študent/tka Fakultete za šport, dobro plesno znanje in veselje do dela z otroci.  Potreben je lasten prevoz. Prijave na mail.",3, DLJE ČASA (OBČASNO), Po dogovoru,302694, začasno in občasno delo

DEGUSTACIJE,"5,00",LJUBLJANA Z OKOLICO,"Podjetje potrebuje polnoletno, zanesljivo, urejeno in komunikativno osebo za izvajanje degustacij prehranskih izdelkov po večjih trgovskih centrih. Degustacije potekajo od četrtka do sobote in so celodnevne. Dela se torej povprečno dvakrat tedensko. Pogoji: izpit B kategorije in lasten prevoz. Zainteresirani pošljite prijavo z življenjepisom na e-mail.",1," DLJE ČASA (OBČASNO), PO DOGOVORU", Po dogovoru,301939, začasno in občasno delo

STREŽBA,"4,13",ŠKOFJA LOKA,"Podjetje išče polnoletno osebo z delovnimi navadami. Potrebujejo za delo v popoldanskem času in za čez vikende. Plačilo: 4,89 Ă˘Â‚Â¬/h bruto + 5 % od prometa.",1, DLJE ČASA (OBČASNO), Popoldan,301915, začasno in občasno delo

DELO NA BENCINSKEM SERVISU,"4,80",LJUBLJANA BARJE,"Podjetje potrebuje polnoletno, vestno, komunikativno in zanesljivo osebo za vsestransko pomoč na bencinskem servisu. Delo zajema polnjenje polic, delo na blagajni, čiščenje, svetovanje strankam... Delovni čas je po potrebi in dogovoru. Interesenti naj pokličejo.  Plačilo od 5,68 bruto Ă˘Â‚Â¬/h do 6,15 bruto  na uro - nočna izmena.",2," DLJE ČASA (OBČASNO), PO POTREBI IN DOGOVORU", Po dogovoru,301908, začasno in občasno delo

DELO V PROIZVODNJI,"4,65",ŽALEC,"Podjetje potrebuje polnoletne, zanesljive in vestne osebe za delo v proizvodnji. Gre za delo v treh izmenah, po dogovoru in potrebi. Plačilo za delo v dnevni izmeni je 5,5 Ă˘Â‚Â¬ bruto/h, v nočni pa 6 Ă˘Â‚Â¬ bruto/h. Interesenti naj pokličejo na kontakt podjetja.",3, DLJE ČASA (OBČASNO), Izmensko,301907, začasno in občasno delo

STREŽBA HRANE IN PIJAČE,"5,00",MIKLAVŽ,"Njihova kavarna je v Miklavžu, z lastnim parkirnim prostorom, v centru Miklavža, zraven se nahaja pošta, trgovina, pasji frizer in cvetličarna, modni butik. Delo je v mirnem in prijetnem okolju. Želijo, da imate delavne izkušnje ter ste iskreni, prijazni, urejeni in pošteni. Vsi, ki želite biti del njihovega tima, prijazno vabljeni na razgovor. Lahko pošljete tudi sms. Delati lahko začne takoj.",3, PO DOGOVORU, Izmensko,301906, začasno in občasno delo

STREŽBA,"4,13",PTUJ,"Podjetje potrebuje simpatični, polnoletni in komunikativni osebi za delo v strežbi pijače v prijatnem lokalu. Gostinski lokal je odprt od 7. do 23. ure. Dela se po dogovoru. Za prijavo pokličite na kontaktno številko podjetja.",2, DLJE ČASA (OBČASNO), Po dogovoru,301895, začasno in občasno delo

KLICNI CENTER,"4,13",LJUBLJANA,"Delo obsega telefonsko pridobivanje naročil (že obstoječa baza). Kompetence: komunikativnost, prodajna naravnanost. Nudijo dodatno plačilo po učinku. Prijave s prilogo Moje izkušnje sprejemajo na e-mail.",1, DLJE ČASA (OBČASNO), Dopoldan,301894, začasno in občasno delo

STREŽBA,"5,30",LJUBLJANA ŠIŠKA,Podjetje išče polnoletni osebi (zaželeno iz Šiške ali bližnje okolice) za delo v strežbi.,2, DLJE ČASA (OBČASNO), Izmensko,301875, začasno in občasno delo

PROGRAMIRANJE,"6,40",LJUBLJANA,"Če si študent magisterskega študija matematike, fizike ali računalništva in če želiš sodelovati pri razvoju produktov na področju digitalizacije, če ti delo na področju bazičnega razvoja pomeni strast in uresničitev življenjskih sanj, če poleg tega obvladaš programski jezik C/C++, Javascript ali podobne, objektno programiranje in poznavanje delovanja baz podatkov jih kontaktiraj.",2, DLJE ČASA (OBČASNO), Dopoldan,301865, začasno in občasno delo

BLAGAJNIK,"4,13",KOPER,"Vodilno podjetje na področju parfumerije, naravne kozmetike, papirnice, igrač in gospodinjstva išče več oseb za delo na blagajni. Pogoj je starost nad 18 let.",4, DLJE ČASA (OBČASNO), Izmensko,301841, začasno in občasno delo

STREŽBA,"5,00",MARIBOR,"Vabljeni v lokal na najbolj zabavni ulici v mestu, kjer vam na delu nikoli ne bo dolgčas. Potrebujejo polnoletni osebi za delo v strežbi v mladem kolektivu. Delovnik prilagajajo željam. Zahtevajo pridnost in resnost. Izkušnje so obvezne.",2, PO DOGOVORU, Po dogovoru,300759, začasno in občasno delo

SELITVE,"6,00",LJUBLJANA,"Podjetje išče fizično močne osebe za selitvena dela. Selitve običajno trajajo 8 ur. Termini za delo se določajo vsak teden sproti. Zaželen je vozniški izpit B kategorije, vendar ni pogoj.",5, PO DOGOVORU, Po dogovoru,300758, začasno in občasno delo

STREŽBA,"5,07",PTUJ,"Podjetje potrebuje polnoletno, izkušeno, pošteno in komunikativno osebo s pasivnim znanjem angleškega jezika za strežbo v casinoju . Delovni čas je po dogovoru. Interesenti naj pokličejo na kontakt podjetja.",1, DLJE ČASA (OBČASNO), Izmensko,300734, začasno in občasno delo

PRODAJA,"5,00",KRANJ,"Podjetje išče kandidata za prodajo v trgovini z oblačili. Pogoji: starost nad 21 let, občutek za estetiko, urejenost in prilagodljivost. Delovnik po dogovoru s podjetjem. Prijave sprejemajo na e-mail.",1, DLJE ČASA (OBČASNO), Izmensko,300717, začasno in občasno delo

POMOČ PRI PRODAJI (DELO V TRGOVINI),"5,07",MOJSTRANA,"Podjetje išče več polnoletnih oseb za delo v trgovini (polnjenje polic, blagajna). Nedeljska urna postavka je 7 Ă˘Â‚Â¬ bruto.",2, DLJE ČASA (OBČASNO), Po dogovoru,300693, začasno in občasno delo

BLAGAJNIK,"4,48","ŽEKOVEC, MOZIRJE","V svoje vrste vabijo osebo za delo na blagajni nihalke (prodajo vozovnic in različnih paketov za nihalko, izvajanje različnih obračunov vozovnic (boni, paketi, ...), izvajanje dnevnih zaključkov blagajn, skrb za materialno in finančno zalogo ter skrb za urejen, čist ter vzoren prostor blagajne.",1, PO DOGOVORU, Dopoldan,300690, začasno in občasno delo

STREŽBA,"4,13",MATERIJA (CCA 10 KM OD KOZINE),"Strežba v lokalu  poteka po dogovoru.  Zaželene izkušnje, niso pa pogoj.  Možno delo tudi samo med vikendom - nedelje so proste,  prilagajajo se urniku študenta/ke. Možnost dviga urne postavke (od 5,50 Ă˘Â‚Â¬/h neto oz. 6,51 Ă˘Â‚Â¬/h bruto) glede na ustvarjen promet.",2, PO DOGOVORU, Po dogovoru,300681, začasno in občasno delo

STREŽBA,"6,00",KRANJ,Podjetje išče osebo za delo v baru. Pogoj je starost nad 18 let. Delavnik po dogovoru s podjetjem.,2, DLJE ČASA (OBČASNO), Po dogovoru,300671, začasno in občasno delo

STREŽBA,"6,00",LJUBLJANA,"Podjetje potrebuje polnoletne kandidate za delo v strežbi. Pogoji: znanje angleškega jezika, spretnost in izkušnje s strežbo. Lahko se javite tudi samo za poletno delo.",10, DLJE ČASA (OBČASNO), Izmensko,300670, začasno in občasno delo

POMOČ V STREŽBI,"6,00",LJUBLJANA,Pomoč v strežbi. Pogoj je starost nad 18 let.,1, PO DOGOVORU, Po dogovoru,300648, začasno in občasno delo

DELO V KUHINJI (KUHAR),"8,45",KOPER,Delo kuharja/ice na dogodku. Prijavo pošljite na email podjetja.,1, PO DOGOVORU, Po dogovoru,299276, začasno in občasno delo

DELO V KUHINJI (KUHAR),"8,45",MURSKA SOBOTA,Delo kuharja/ice na dogodku. Prijavo pošljite na email podjetja.,1, PO DOGOVORU, Po dogovoru,299275, začasno in občasno delo

DELO V KUHINJI (KUHAR),"8,45",KRANJ,Delo kuharja/ice na dogodku. Prijavo pošljite na email podjetja.,1, PO DOGOVORU, Po dogovoru,299274, začasno in občasno delo

DELO V KUHINJI (KUHAR),"8,45",DOMŽALE-KAMNIK,Delo kuharja/ice na dogodku. Prijavo pošljite na email podjetja.,1, PO DOGOVORU, Po dogovoru,299273, začasno in občasno delo

DELO V KUHINJI (KUHAR),"8,45",LJUBLJANA,Delo kuharja/ice na dogodku. Prijavo pošljite na email podjetja.,1, PO DOGOVORU, Po dogovoru,299272, začasno in občasno delo

DELO V KUHINJI (KUHAR),"8,45",CELJE,Delo kuharja na dogodku. Prijavo pošljite na email podjetja.,1, PO DOGOVORU, Po dogovoru,299271, začasno in občasno delo

DELO V KUHINJI (KUHAR),"8,45",PTUJ,Delo kuharja/ice na dogodku. Prijavo pošljite na email podjetja.,1, PO DOGOVORU, Po dogovoru,299270, začasno in občasno delo

DELO V KUHINJI (KUHAR),"8,45",MARIBOR,Delo kuharja/ice na dogodku. Prijavo pošljite na email podjetja.,1, PO DOGOVORU, Po dogovoru,299269, začasno in občasno delo

PROGRAMIRANJE,"5,07",ŠENTILJ,Potrebujejo osebo za delo v baru. Večinoma se dela popoldan. Lokal je odprt do 20. ure. Zaželene so izkušnje.,1, DLJE ČASA (OBČASNO), Popoldan,299182, začasno in občasno delo

STREŽBA,"5,00",LJUBLJANA ZELENA JAMA,"Strežba pijače v okrepčevalnici. Delo poteka po dogovoru, lahko tudi samo med vikendi, med tednom potrebujejo pomoč bolj v popoldanskem času - od 15./16. ure dalje. Lokal je odprt do 21. ure.  Pogoja: osnovne izkušnje kuhanja kave in starost nad 17 let.",1, PO DOGOVORU, Po dogovoru,297302, začasno in občasno delo

STREŽBA HRANE IN PIJAČE,"5,00",ŠENTJANŽ PRI DRAVOGRADU,"Strežba hrane in pijače v hotelski restavraciji, zlaganje pogrinjkov, priprava miz. Pogoji so veselje do dela v strežbi, prijaznost, komunikativnost, prilagodljivost, fleksibilnost, urejenost ter starost nad 18 let. Zaželene, a ne nujne so izkušnje v gostinstvu in osnovno znanje tujih jezikov (angleščina in nemščina ali vsaj angleščina). Glede na znanje višja urna postavka.",2, PO DOGOVORU, Po dogovoru,297283, začasno in občasno delo

DELO V KUHINJI,"4,22",POLJČANE,Podjetje potrebuje tri osebe za pomoč v kuhinji.,3, DLJE ČASA (OBČASNO), Izmensko,297263, začasno in občasno delo

STREŽBA,"5,50",VIR PRI DOMŽALAH,"Podjetje potrebuje polnoletno osebo za strežbo pijače. Zaželene izkušnje, stimulacija do 8 Ă˘Â‚Â¬ neto. Fleksibilen delovnik.",1, DLJE ČASA (OBČASNO), Izmensko,297213, začasno in občasno delo

DELO S STRANKAMI (POBIRANJE PARKIRNINE),"4,50",BREZJE,"Turistično društvo išče polnoletno osebo za pomoč pri pobiranju parkirnine. Dela se med vikendi in prazniki. Kandidati/ke naj bodo iz bližnje okolice. Plačilo: 5,33 Ă˘Â‚Â¬/h bruto plus dodatek: 1% od prodanih kart poleti in 2% od prodanih kart pozimi.",1, DLJE ČASA (OBČASNO), Med vikendom,297201, začasno in občasno delo

STREŽBA,"4,22",PESNICA PRI MARIBORU,"Iščejo prijetno, polnoletno, zanesljivo in urejeno osebo za delo v gostinskem lokalu. Obseg dela je priprava in strežba pijač ter skrb za urejenost lokala in terase.",2, PO DOGOVORU, Po dogovoru,297183, začasno in občasno delo

STREŽBA,"5,00",DIVAČA,"Iščejo prijazno in zanesljivo osebo za strežbo pijače, slaščic, toplih sendvičev v novi  kavarni. Izkušnje so zaželene. Pogoj je starost nad 18 let. Možnost daljšega sodelovanja oz. kasnejše zaposlitve.",1, PO DOGOVORU, Izmensko,297157, začasno in občasno delo

DELO V SKLADIŠČU,"4,88",GROSUPLJE,Delo v skladišču. Delo poteka od 7. ali 8. ure dalje. Za prijavo pokličite.,3, DLJE ČASA (OBČASNO), Dopoldan,297150, začasno in občasno delo

SOBAR/ICA,"4,50","ZREČE, ROGLA, DOBRNA","Podjetje išče osebe za čiščenje in pospravljenje hotelskih sob. Plačilo je od 5,33 do 7,10 Ă˘Â‚Â¬/h bruto. Nudijo fleksibilen delovnik. Za več informacij jih pokliči.",3, DLJE ČASA (OBČASNO), Po dogovoru,297080, začasno in občasno delo

STREŽBA,"4,13",GORNJA RADGONA,Delo je v dveh lokalih.,4, PO DOGOVORU, Po dogovoru,297057, začasno in občasno delo

STREŽBA,"6,00",LJUBLJANA CENTER,"Prijeten lokal išče polnoletno osebo za delo v strežbi. Izkušnje niso potrebne. Lokal je odprt od 7. zjutraj do 3. ponoči,  vse dni v tednu. Delovnik je izmenski.",1, DLJE ČASA (OBČASNO), Izmensko,295082, začasno in občasno delo

INŠTRUKCIJE (INFORMATIKA),"7,61",LJUBLJANA,"Podjetje išče inštruktorja/ico INFORMATIKE. Nudijo prilagodljiv delovni čas, nagrade, brezplačna izobraževanja. Prijave sprejemajo preko spletne strani, navedene v podrobnostih oglasa.",1, DLJE ČASA (OBČASNO), Po dogovoru,295021, začasno in občasno delo

LAŽJA FIZIČNA DELA,"6,00",LJUBLJANE - ČRNUČE,"Vzdrževalna dela na objektu, razna dela po naročilu ter manjša lažja elektro popravila. Zaželena je elektro, poklicna ali tehnična smer. Zainteresirani pokličite ali se oglasite osebno v lokalu (vsak dan od 12.00 do 20.00).",1, PO DOGOVORU, Po dogovoru,295011, začasno in občasno delo

ZDRAVSTVENI TEHNIK,"5,07",LJUBLJANA,"Podjetje išče študente/tke z zaključeno srednjo zdravstveno šolo za pomoč pri delu v reševalnem vozilu, voznik- spremljevalec v reševalnem vozilu.",5, PO DOGOVORU, Po dogovoru,295003, začasno in občasno delo

STREŽBA,"5,00",LJUBLJANA,"Delo v strežbi. Izkušnje niso potrebne, so pa zaželene. Pogoj je starost nad 20 let. Možnost tedenskega plačila.",2, DLJE ČASA (OBČASNO), Izmensko,294994, začasno in občasno delo

POMOČ V TRGOVINI,"5,00",NOVO MESTO,Iščejo študenta za pomoč v prodaji v specializirani prodajalni z medicinskimi pripomočki. Pogoj je končana zdravstvena šola ali študent visoke šole za zdravstvene vede.,1," PO DOGOVORU,LAHKO TUDI ZA DLJE ČASA (OBČASNO)A (OB", Po dogovoru,294979, začasno in občasno delo

STREŽBA,"5,00",VRANSKO,"Podjetje išče osebo za pomoč v strežbi. Pogoji: prijaznost, poštenost in komunikativnost.",2," PO DOGOVORU, DLJE ČASA", Po dogovoru,294966, začasno in občasno delo

STREŽBA,"6,00",ŠKOFJA LOKA,Strežba v prijetnem lokalu. Pogoj je starost nad 18 let.,1, DLJE ČASA (OBČASNO), Izmensko,294930, začasno in občasno delo

STREŽBA HRANE IN PIJAČE,"6,00",LJUBLJANA,"Strežba hrane in pijače v gostilni z dolgoletno tradicijo. Zaželjeno dobro znanje angleščine, dobrodošle so tudi osnove kakega drugega jezika. Gostilna je razmeroma majhna, tako da je primerna za začetnike kot tudi za izkušene gostince, vsekakor pa so zaželjene kakršnekoli izkušnje.",2, PO DOGOVORU, Izmensko,294913, začasno in občasno delo

STREŽBA HRANE IN PIJAČE,"5,50",LJUBLJANA,"V mladem kolektivu iščejo prijaznega, polnoletnega  in nasmejanega natakarja/natakarico. Izkušnje so zaželjene.",2, DLJE ČASA (OBČASNO), Po dogovoru,294883, začasno in občasno delo

INŠTRUKCIJE,"7,61",KRANJ,Podjetje išče inštruktorja/ico kemije. Nudijo prilagodljiv delovni čas in možnost brezplačnih izobraževanj. Prijave sprejemajo preko spletne strani navedene v podrobnostih oglasa.,1, DLJE ČASA (OBČASNO), Po dogovoru,293375, začasno in občasno delo

POMOČ V TRGOVINI,"4,22",MARIBOR CENTER,Podjetje potrebuje osebo za pomoč v kitajski trgovini v centru Maribora. Pogoj: znanje angleškega jezika. Za razgovor se oglasite osebno v trgovini.,1, DLJE ČASA (OBČASNO), Po dogovoru,293354, začasno in občasno delo

ZDRAVSTVENA NEGA,"5,35",RADOVLJICA,"Pomoč in sodelovanje pri izvajanju zdravstvene nege in oskrbe vseh kategorij oskrbovancev, pomoč pri vzdrževanju ožjega oskrbovančevega okolja in njegovi higienski oskrbi, pomoč pri opazovanju in beleženju stanja oskrbovancev, pomoč oskrbovancem pri gibanju in transferju, pomoč pri transferju zdravstvenega in oskrbnega materiala, pomoč pri vodenju dokumentacije.",2, DLJE ČASA (OBČASNO), Po dogovoru,293312, začasno in občasno delo

POMOČ V KUHINJI (POMIVALEC),"6,50",LJUBLJANA,Iščejo pomivalca/pomivalko posode. Za prijavo pokliči.,1, DLJE ČASA (OBČASNO), Izmensko,293290, začasno in občasno delo

STREŽBA,"6,00",PODSMREKA PRI LJUBLJANI,Iščejo študenta za samostojno delo v strežbi. Pogoj je starost nad 18 let. Možnost redne zaposlitve.,2, DLJE ČASA (OBČASNO), Po dogovoru,293278, začasno in občasno delo

POLNJENJE POLIC,"4,13",LJUBLJANA RUDNIK,"Polnjenje polic na oddelku pijač, čistilnih praškov ali na oddelku špecerije. Pogoj je znanje slovenskega jezika. Stimulativno plačilo do 5,5 Ă˘Â‚Â¬/h bruto. Pokliči ali pošlji prijavo s kontaktno številko na e-naslov.",4, DLJE ČASA (OBČASNO), Med vikendom,293263, začasno in občasno delo

STREŽBA,"5,07",MARIBOR CENTER,Kavarna v centru Maribora potrebuje simpatično osebo za strežbo. Delovni čas je po dogovoru. Izkušnje so obvezne.,1, DLJE ČASA (OBČASNO), Po dogovoru,293261, začasno in občasno delo

POLNJENJE POLIC (DELO V TRGOVINI),"4,65",LJUBLJANA BTC,"Pogoj je starost nad 16 let. Polnjenje polic v trgovini. Med tednom in v soboto je urna postavka 5,5 Ă˘Â‚Â¬ bruto, v nedeljo pa 6 Ă˘Â‚Â¬ bruto.",1, DLJE ČASA (OBČASNO), Izmensko,293245, začasno in občasno delo

STREŽBA,"5,00",IZOLA,Podjetje išče polnoletno osebo za samostojno delo v strežbi.,1, DLJE ČASA (OBČASNO), Izmensko,293228, začasno in občasno delo

ČIŠČENJE,"4,30",ŽUŽEMBERK,Za delo niso potrebne izkušnje. Urnik je prilagodljiv vašim obveznostim. Pospravljajo se sobe po odhodu gostov ter  ureditev okolice hiše s prenočišči (pometanje). Poleg urne postavke se doda še stimulacija za dobro opravljeno delo.,1, PO DOGOVORU, Po dogovoru,293213, začasno in občasno delo

STREŽBA,"4,50",KOPER,"Podjetje išče osebe za strežbo. Pogoj je starost nad 18 let. Plačilo 5,33 - 7,10 Ă˘Â‚Â¬/h bruto. Podjetje nudi tedenska plačila. Lahko se dela tudi samo med vikendi.",2, DLJE ČASA (OBČASNO), Po dogovoru,291245, začasno in občasno delo

STREŽBA,"5,00",ZAGORJE,Podjetje išče osebo za samostojno delo v strežbi. Pogoj je starost nad 18 let in izkušnje.,1, DLJE ČASA (OBČASNO), Izmensko,291230, začasno in občasno delo

DELO V TURIZMU (PROMOCIJA),"6,00",LJUBLJANA,"Za promocijo rečne plovbe po Ljubljanici potrebujejo komunikativno in prodajno naravnano osebo, ki ima rada delo z ljudmi (domačimi in tujimi gosti). Obvezno znanje angleškega jezika, zaželeno tudi italjanskega ali drugih jezikov. Urnik je o dogovoru. Prijave sprejemajo na elektronski naslov ali preko telefona.",3, PO DOGOVORU, Po dogovoru,291216, začasno in občasno delo

ANIMATOR (VODNIK),"7,50",LJUBLJANA,"Turistično podjetje išče italijansko govoreče študente/ke za izvajanje večernih tur ogleda nočnega življenja v prestolnici. Zadostuje tudi pogovorna raven sporazumevanja v italijanščini. Pogoji: starost nad 18 let, komunikativnost in veselje do spoznavanja novih ljudi. Izkušnje niso obvezne, vsega te naučijo v podjetju.",2, DLJE ČASA (OBČASNO), Med vikendom,291183, začasno in občasno delo

PROMOCIJA (DELO NA TERENU),"6,00",LJUBLJANA IN PO TERENU,"Promocija in izpolnjevanje nagradnih letakov. Pogoji: starost nad 18 let, komunikativnost, simpatičnost, energičnost in urejenost. Izkušnje so zaželene. Poleg urne postavke ob dobrem delu podjetje plača tudi stimulacijo.",2, DLJE ČASA (OBČASNO), Po dogovoru,291180, začasno in občasno delo

STREŽBA,"5,50",GROSUPLJE,"Podjetje potrebuje komunikativno osebo za strežbo pijače. Izkušnje niso potrebne. Pogoj za delo je polnoletnost. Prednost imajo študentje, ki bi delali med vikendi in med tednom tudi v času študija.",3, PO DOGOVORU, Izmensko,291146, začasno in občasno delo

STREŽBA,"6,76",IOC TRZIN,"V pubu iščejo resne, zanesljive, prijazne in komunikativne študente za delo v strežbi. Če te delo zanima  ne odlašaj in jim piši na e-mail ali pokliči.",3, DLJE ČASA, Izmensko,291140, začasno in občasno delo

STREŽBA,"5,50",DOB PRI DOMŽALAH,Picerija išče energične polnoletne osebe za pomoč v strežbi. Izkušnje zaželene.,1, DLJE ČASA (OBČASNO), Med vikendom,291137, začasno in občasno delo

STREŽBA,"5,07",LJUBLJANA Z OKOLICO,Vodilno podjetje na področju cateringa in gostinske dejavnosti na slovenskem tržišču išče več polnoletnih osebo za pomoč v strežbi. Potrebujejo pridne posameznike za delo v zanesljivem in referenčem podjetju. Pri dosegu norme se urna postavka  zviša na 7 Ă˘Â‚Â¬/bruto.  Prijavo pošlji na e-mail.,5, DLJE ČASA (OBČASNO), Po dogovoru,291126, začasno in občasno delo

DELO V IGRALNICI (DELO S STRANKAMI),"4,13",KRANJSKA GORA,"Biljeter - receptor na igralniški recepciji ter delo na info točki - informiranje gostov (deljeno delovno mesto). Urna postavka je odvisna od narave dela ter dela dneva in znaša od 4,89 Ă˘Â‚Â¬ bruto do 5,61 Ă˘Â‚Â¬ bruto. Podjetje povrne tudi stroške prevoza. Pogoji: starost nad 18 let, znanje nemškega in italijanskega jezika. Vloge pošljite na e-mail.",3, DLJE ČASA (OBČASNO), Izmensko,291123, začasno in občasno delo

STREŽBA,"5,00",MARIBOR,Pogoja sta komunikativnost in urejenost.,2, PO DOVOVORU, Po dogovoru,288595, začasno in občasno delo

LAŽJA FIZIČNA DELA (UREJANJE OKOLICE),"4,13",LJUBLJANA,Podjetje išče osebo za pomoč pri prodaji. Zaželene izkušnje v prodaji. Pogoj: starost nad 18 let.,1, DLJE ČASA (OBČASNO), Po dogovoru,288483, začasno in občasno delo

STREŽBA,"6,00",KAMNIK,"V prijetnem lokalu na kamniški obvoznici potrebujejo osebo za delo v strežbi. Pogoji: urejenost, odgovornost, prijaznost in izkušnje.",3, PO DOGOVORU, Izmensko,288454, začasno in občasno delo

STREŽBA HRANE IN PIJAČE,"5,40",MALEČNIK,"Podjetje potrebuje dve osebi za strežbo. Pogoji: starost nad 18 let, urejenost, prijaznost, spretnost in izkušnje v strežbi. Pričetek dela je takoj.",2, DLJE ČASA (OBČASNO), Izmensko,288396, začasno in občasno delo

DELO V KUHINJI,"5,50",MALEČNIK,Podjetje išče osebo za delo v kuhinji. Pogoj: izkušnje. Oseba naj bo iz stroke (gostinska šola ali podobno).,1, PO DOGOVORU, Po dogovoru,288395, začasno in občasno delo

POMOČ V KUHINJI,"4,50",RADIZEL,Podjetje potrebuje dve osebi za pomoč v kuhinji. Zaželen ljubitelj žara.,2, DLJE ČASA (OBČASNO), Izmensko,288392, začasno in občasno delo

STREŽBA HRANE IN PIJAČE,"4,50",RADIZEL,Podjetje potrebuje štiri osebe za strežbo hrane in pijače. Zaželen ljubitelj žara.,4, DLJE ČASA (OBČASNO), Izmensko,288389, začasno in občasno delo

STREŽBA,"4,22",PIVKA,Potrebujejo polnoletno osebo za delo v prijetni in mirni kavarni v centru Pivke. Delovnik je po dogovoru. Nudijo redno plačilo. Možnost kasnejše zaposlitve.,1, PO DOGOVORU, Izmensko,288367, začasno in občasno delo

FIZIČNA DELA (DELO NA TERENU),"5,50",IZOLA Z OKOLICO,Postavitev odra in priprava koncerta. Pogoj je starost nad 21 let. Kasneje možnost redne zaposlitve.,2, VIKENDI - ZA DLJE ČASA (OBČASNO), Med vikendom,285351, začasno in občasno delo

FIZIČNA DELA (DELO NA TERENU),"5,50",KOPER Z OKOLICO,Postavitev odra in priprava koncerta. Pogoj je starost nad 21 let. Kasneje možnost redne zaposlitve.,2, VIKENDI - ZA DLJE ČASA (OBČASNO), Med vikendom,285350, začasno in občasno delo

FIZIČNA DELA (DELO NA TERENU),"5,50",JESENICE Z OKOLICO,Postavitev odra in priprava koncerta. Pogoj je starost nad 21 let. Kasneje možnost redne zaposlitve.,2, VIKENDI - ZA DLJE ČASA (OBČASNO), Med vikendom,285349, začasno in občasno delo

FIZIČNA DELA (DELO NA TERENU),"5,50",RADOVLJICA Z OKOLICO,Postavitev odra in priprava koncerta. Pogoj je starost nad 21 let. Kasneje možnost redne zaposlitve.,2, VIKENDI - ZA DLJE ČASA (OBČASNO), Med vikendom,285347, začasno in občasno delo

FIZIČNA DELA (DELO NA TERENU),"5,50",ŠKOFJA LOKA Z OKOLICO,Postavitev odra in priprava koncerta. Pogoj je starost nad 21 let. Kasneje možnost redne zaposlitve.,2, VIKENDI - ZA DLJE ČASA (OBČASNO), Med vikendom,285345, začasno in občasno delo

FIZIČNA DELA (DELO NA TERENU),"5,50",KRANJ Z OKOLICO,Postavitev odra in priprava koncerta. Pogoj je starost nad 21 let. Kasneje možnost redne zaposlitve.,2, VIKENDI - ZA DLJE ČASA (OBČASNO), Med vikendom,285344, začasno in občasno delo

FIZIČNA DELA (DELO NA TERENU),"5,50",VRHNIKA Z OKOLICO,Postavitev odra in priprava koncerta. Pogoj je starost nad 21 let. Kasneje možnost redne zaposlitve.,2, VIKENDI - ZA DLJE ČASA (OBČASNO), Med vikendom,285343, začasno in občasno delo

FIZIČNA DELA (DELO NA TERENU),"5,50",GROSUPLJE Z OKOLICO,Postavitev odra in priprava koncerta. Pogoj je starost nad 21 let. Kasneje možnost redne zaposlitve.,2, VIKENDI - ZA DLJE ČASA (OBČASNO), Med vikendom,285342, začasno in občasno delo

FIZIČNA DELA (DELO NA TERENU),"5,50",NOTRANJSKO KRAŠKA REGIJA,Postavitev odra in priprava koncerta. Pogoj je starost nad 21 let. Kasneje možnost redne zaposlitve.,2, VIKENDI - ZA DLJE ČASA (OBČASNO), Med vikendom,285341, začasno in občasno delo

FIZIČNA DELA (DELO NA TERENU),"5,50",GORIŠKA REGIJA,Postavitev odra in priprava koncerta. Pogoj je starost nad 21 let. Kasneje možnost redne zaposlitve.,2, VIKENDI - ZA DLJE ČASA (OBČASNO), Med vikendom,285340, začasno in občasno delo

DELO NA BENCINSKEM SERVISU,"5,00",LJUBLJANA NOVE JARŠE,Iščejo več polnoletnih oseb za delo na bencinskem servisu (večinoma delo na blagajni; zelo malo pa delo v avtopralnici). Urna postavka je začetna.,3, DLJE ČASA (OBČASNO), Izmensko,282476, začasno in občasno delo

POMOČ V KUHINJI (POMIVALEC),"4,65",PORTOROŽ,POMIVALEC.,2, DLJE ČASA (OBČASNO), Po dogovoru,282384, začasno in občasno delo

STREŽBA,"5,50",LJUBLJANA,Za pomoč v strežbi podjetje išče osebo s smislom za gostinstvo. Delovnik je stvar dogovora (lokal obratuje od 8. do 21. ure). Nudijo možnost dolgotrajnega sodelovanja in kasnejše redne zaposlitve. Redno in stimulativno plačilo.,2, PO DOGOVORU, Po dogovoru,282344, začasno in občasno delo

STREŽBA,"5,00",LJUBLJANA-ŠIŠKA,"Iščejo prijetno osebo, da se pridruži njihovemu kolektivu pri delu v manjšem lokalu. Pogoj je polnoletnost.",1, PO DOGOVORU, Po dogovoru,282246, začasno in občasno delo

STREŽBA,"5,00",CELJE,Prijetna kavarna v nakupovalnem središču išče osebo za samostojno delo v strežbi. Pogoj je starost nad 18 let in izkušnje.,1, DLJE ČASA (OBČASNO), Po dogovoru,282226, začasno in občasno delo

POMOČ V STREŽBI,"4,99",KOMEN,"Pomoč v strežbi, priprava napitkov, lažje čiščenje ipd. Delo poteka po dogovoru. Urna postavka se lahko zviša - po dogovoru.",3, PO DOGOVORU, Izmensko,282191, začasno in občasno delo

STREŽBA,"5,00",LOGATEC,"Podjetje išče prijazno in komunikativno osebo za strežbo v prijetnem lokalu. Pomoč potrebujejo med vikendi oziroma tudi med tednom (po dogovoru).  Pogoji: polnoletnost, smisel za delo z ljudmi, poštenost, urejenost in lasten prevoz. Zaželene so izkušnje, niso pa pogoj. Prijave sprejemajo na telefon ali e-naslov.",2, DLJE ČASA (OBČASNO), Izmensko,282107, začasno in občasno delo

STREŽBA,"5,07",ROGAŠKA SLATINA,Iščejo kandidata/ko za strežbo pijač in narezkov. Delovnik je po dogovoru.,1, DLJE ČASA (OBČASNO), Med vikendom,282006, začasno in občasno delo

KLICNI CENTER,"5,50",LJUBLJANA,Delo v klicnem centru. Plačilo je urna postavka + stimulacija od prometa.,3, DLJE ČASA (OBČASNO), Popoldan,281775, začasno in občasno delo

POUČEVANJE,"9,00",ŠKOFJA LOKA Z OKOLICO,Podjetje išče več študentov 1. ali. 2. stopnje nemškega jezika za poučevanje nemščine za odrasle na območju Škofje Loke. Zaželene so izkušnje pri poučevanju odraslih. Prijave s priloženim življenjepisom sprejemajo na e-mail.,3, PO DOGOVORU, Popoldan,281733, začasno in občasno delo

BLAGAJNIK,"4,65",LJUBLJANA BTC,"Delo na blagajni. Pogoj je starost nad 18 let. Med tednom in v soboto je urna postavka 5,5 Ă˘Â‚Â¬ bruto, v nedeljo pa 6 Ă˘Â‚Â¬ bruto.",1, DLJE ČASA (OBČASNO), Izmensko,271147, začasno in občasno delo

POMOČ V STREŽBI,"5,00",LJUBLJANA,"Iščejo prijazno, komunikativno, pošteno, resno in natančno osebo za delo v manjšem caffe baru v Štepanjskem naselju. Delo se izvaja izmensko oziroma bolj v popoldanskem času. Večinoma med vikendom.  Zaželene izkušnje v strežbi.",2, DLJE ČASA (OBČASNO), Po dogovoru,271075, začasno in občasno delo

STREŽBA (TOČAJ-KA),"5,07",DOLENJSKA,Promocija in trženje pri vnaprej dogovorjenih strankah. Terensko delo.,12, PO DOGOVORU, Po dogovoru,270843, začasno in občasno delo

TRŽENJE,"5,07",ŠTAJERSKA,Promocija in trženje pri vnaprej dogovorjenih strankah. Terensko delo.,12, PO DOGOVORU, Po dogovoru,270842, začasno in občasno delo

TRŽENJE,"5,07",LJUBLJANA Z OKOLICO,Promocija in trženje pri vnaprej dogovorjenih strankah. Terensko delo.,12, PO DOGOVORU, Dopoldan,270841, začasno in občasno delo

TRŽENJE,"5,07",GORENJSKA,Promocija in trženje pri vnaprej dogovorjenih strankah. Terensko delo.,12, PO DOGOVORU, Po dogovoru,270835, začasno in občasno delo

DELO V IGRALNICI (BILJETER),"4,22",NOVA GORICA,"BILJETER v drive-in igralnici. Evidentiranje gostov, izdaja vstopnic, kontrola. Pogoja sta znanje italijanskega jezika in polnoletnost. Delo poteka vse dni v tednu - popoldan in ponoči. Urna postavka se giblje med od 5 do 5,5 Ă˘Â‚Â¬ bruto.",1, DLJE ČASA (OBČASNO), Izmensko,270054, začasno in občasno delo

STREŽBA,"5,00",LJUBLJANA ZALOG,Strežba. Zaželene so delovne izkušnje v šanku. Nedelje so proste. Delo se opravlja v večini v dopoldanskem času. Urna postavka se glede na rezultate dela lahko tudi poveča.,2, PO DOGOVORU, Izmensko,269542, začasno in občasno delo

